<?xml version="1.0" encoding="UTF-8" ?>
<!-- This is a WordPress eXtended RSS file generated by WordPress as an export of your site. -->
<!-- It contains information about your site's posts, pages, comments, categories, and other content. -->
<!-- You may use this file to transfer that content from one site to another. -->
<!-- This file is not intended to serve as a complete backup of your site. -->

<!-- To import this information into a WordPress site follow these steps: -->
<!-- 1. Log in to that site as an administrator. -->
<!-- 2. Go to Tools: Import in the WordPress admin panel. -->
<!-- 3. Install the "WordPress" importer from the list. -->
<!-- 4. Activate & Run Importer. -->
<!-- 5. Upload this file using the form provided on that page. -->
<!-- 6. You will first be asked to map the authors in this export file to users -->
<!--    on the site. For each author, you may choose to map to an -->
<!--    existing user on the site or to create a new user. -->
<!-- 7. WordPress will then import each of the posts, pages, comments, categories, etc. -->
<!--    contained in this file into your site. -->

<!-- generator="WordPress/4.9.5" created="2019-01-02 15:01" -->
<rss version="2.0"
	xmlns:excerpt="http://wordpress.org/export/1.2/excerpt/"
	xmlns:content="http://purl.org/rss/1.0/modules/content/"
	xmlns:wfw="http://wellformedweb.org/CommentAPI/"
	xmlns:dc="http://purl.org/dc/elements/1.1/"
	xmlns:wp="http://wordpress.org/export/1.2/"
>

<channel>
	<title>Networking Morbihan</title>
	<link>https://www.networking-morbihan.com</link>
	<description>Faite vous des contacts dans le morbihan</description>
	<pubDate>Wed, 02 Jan 2019 15:01:26 +0000</pubDate>
	<language>fr-FR</language>
	<wp:wxr_version>1.2</wp:wxr_version>
	<wp:base_site_url>https://www.networking-morbihan.com</wp:base_site_url>
	<wp:base_blog_url>https://www.networking-morbihan.com</wp:base_blog_url>

	<wp:author><wp:author_id>6</wp:author_id><wp:author_login><![CDATA[ALEOS2i]]></wp:author_login><wp:author_email><![CDATA[alain.le-sant@aleos2i.fr]]></wp:author_email><wp:author_display_name><![CDATA[Alain LE SANT - ALEOS2i]]></wp:author_display_name><wp:author_first_name><![CDATA[Alain LE SANT]]></wp:author_first_name><wp:author_last_name><![CDATA[- ALEOS2i]]></wp:author_last_name></wp:author>
	<wp:author><wp:author_id>11</wp:author_id><wp:author_login><![CDATA[SylvieD]]></wp:author_login><wp:author_email><![CDATA[sylvie.delanoy@bbox.fr]]></wp:author_email><wp:author_display_name><![CDATA[SylvieD]]></wp:author_display_name><wp:author_first_name><![CDATA[]]></wp:author_first_name><wp:author_last_name><![CDATA[]]></wp:author_last_name></wp:author>

	<wp:category>
		<wp:term_id>55</wp:term_id>
		<wp:category_nicename><![CDATA[networking-conseil]]></wp:category_nicename>
		<wp:category_parent><![CDATA[]]></wp:category_parent>
		<wp:cat_name><![CDATA[Networking Conseil]]></wp:cat_name>
	</wp:category>

	<generator>https://wordpress.org/?v=4.9.5</generator>

<image>
	<url>https://www.networking-morbihan.com/wp-content/uploads/2017/09/cropped-picot-nw56-32x32.png</url>
	<title>Networking Morbihan</title>
	<link>https://www.networking-morbihan.com</link>
	<width>32</width>
	<height>32</height>
</image> 

	<item>
		<title>1er Speed Conseil Networking-Morbihan le 27 novembre 2014</title>
		<link>https://www.networking-morbihan.com/1er-speed-conseil-networking-morbihan-le-27-novembre-2014</link>
		<pubDate>Tue, 04 Nov 2014 12:23:53 +0000</pubDate>
		<dc:creator><![CDATA[ALEOS2i]]></dc:creator>
		<guid isPermaLink="false">http://networking-morbihan.com/?p=2649</guid>
		<description></description>
		<content:encoded><![CDATA[<h2> <img class="aligncenter size-full wp-image-2777" alt="logo_conseil_siteNW56" src="http://networking-morbihan.com/wp-content/uploads/2014/11/logo_conseil_siteNW56.png" width="590" height="176" /></h2>
<h2>Le 27 novembre 2014, Networking-Morbihan organise son 1er Speed Conseil à destination des entreprises, des créateurs et des porteurs de projets de la région.</h2>
<p>&nbsp;</p>
<p><i>Organisé par l’association Networking-Morbihan, 10 professionnels mettent leur expertise à disposition des chefs d’entreprise, créateurs et porteurs de projets qui pourront bénéficier de leurs conseils dans différents domaines.<br /></i></p>
<p><i>Aller à l’essentiel sans perte de temps, voilà l’objectif de ces consultants souhaitant répondre aux besoins des entreprises dont le temps est précieux.</i></p>
<p><strong>Ce Speed Conseil, entièrement gratuit, est organisé au Centre d’affaires du pôle d’activité de TECHNELLYS Lanester le 27 novembre à partir de 8h jusqu’à 12 h par créneaux de 30 mn.</strong></p>
<p><strong>Un petit déjeuner d'accueil vous sera proposé à partir de 7h45.</strong></p>
<p>&nbsp;</p>
<p>Centre d’affaires du pôle d’activité de TECHNELLYS - 56600 LANESTER<i><br /></i></p>
<p>[wpgmappity id="23"]</p>
<p>&nbsp;</p>
<h2>Pour vous inscrire à ce Speed Conseil</h2>
<p>&nbsp;</p>
<p>Afin d'organiser au mieux cette matinale, nous vous remercions de bien vouloir indiquer les consultants que vous souhaitez rencontrer ainsi que la ou les tranches horaires désirées.</p>
<p>Un e-mail de confirmation vous sera transmis et nos consultants vous contacteront pour fixer avec vous l'horaire précis de votre ou vos rendez-vous.</p>
<p> [gravityform id=51 name=Inscription Networking Conseil title=false ajax=true]</p>
<p>&nbsp;</p>
<p>L'équipe Networking Conseil de Networking-Morbihan</p>
<p>PS : pour en savoir plus sur nos consultants <a href="http://fr.slideshare.net/Networking-Morbihan/1er-speed-conseil-networkingmorbihan-le-27-novembre-2014" title="Présentation Speed Conseil NW56" target="_blank">visualiser notre présentation de l'événement sur SlideShare</a></p>
]]></content:encoded>
		<excerpt:encoded><![CDATA[]]></excerpt:encoded>
		<wp:post_id>2649</wp:post_id>
		<wp:post_date><![CDATA[2014-11-04 12:23:53]]></wp:post_date>
		<wp:post_date_gmt><![CDATA[2014-11-04 12:23:53]]></wp:post_date_gmt>
		<wp:comment_status><![CDATA[closed]]></wp:comment_status>
		<wp:ping_status><![CDATA[open]]></wp:ping_status>
		<wp:post_name><![CDATA[1er-speed-conseil-networking-morbihan-le-27-novembre-2014]]></wp:post_name>
		<wp:status><![CDATA[publish]]></wp:status>
		<wp:post_parent>0</wp:post_parent>
		<wp:menu_order>0</wp:menu_order>
		<wp:post_type><![CDATA[post]]></wp:post_type>
		<wp:post_password><![CDATA[]]></wp:post_password>
		<wp:is_sticky>0</wp:is_sticky>
		<category domain="category" nicename="a-la-une"><![CDATA[A la une]]></category>
		<category domain="category" nicename="networking-conseil"><![CDATA[Networking Conseil]]></category>
		<wp:postmeta>
			<wp:meta_key><![CDATA[_edit_last]]></wp:meta_key>
			<wp:meta_value><![CDATA[5]]></wp:meta_value>
		</wp:postmeta>
		<wp:postmeta>
			<wp:meta_key><![CDATA[_jsps_metabox_hide_buttons]]></wp:meta_key>
			<wp:meta_value><![CDATA[off]]></wp:meta_value>
		</wp:postmeta>
		<wp:postmeta>
			<wp:meta_key><![CDATA[_thumbnail_id]]></wp:meta_key>
			<wp:meta_value><![CDATA[2779]]></wp:meta_value>
		</wp:postmeta>
		<wp:postmeta>
			<wp:meta_key><![CDATA[_edit_last]]></wp:meta_key>
			<wp:meta_value><![CDATA[5]]></wp:meta_value>
		</wp:postmeta>
		<wp:postmeta>
			<wp:meta_key><![CDATA[_jsps_metabox_hide_buttons]]></wp:meta_key>
			<wp:meta_value><![CDATA[off]]></wp:meta_value>
		</wp:postmeta>
	</item>
	<item>
		<title>Nouveau Speed Conseil Networking-Morbihan à Vannes le jeudi 26 février</title>
		<link>https://www.networking-morbihan.com/nouveau-speed-conseil-networking-morbihan-a-vannes-le-jeudi-26-fevrier</link>
		<pubDate>Wed, 28 Jan 2015 09:54:23 +0000</pubDate>
		<dc:creator><![CDATA[ALEOS2i]]></dc:creator>
		<guid isPermaLink="false">http://networking-morbihan.com/?p=2934</guid>
		<description></description>
		<content:encoded><![CDATA[<h2><img class="aligncenter size-full wp-image-2777" alt="logo_conseil_siteNW56" src="http://networking-morbihan.com/wp-content/uploads/2014/11/logo_conseil_siteNW56.png" width="590" height="176" /></h2>
<h1 align="center"><b><i>Une matinale de Speed Conseil pour les  entreprises</i></b></h1>
<p align="center"><b><i>Aller à l’essentiel sans perte de temps, voilà l’objectif de ce groupe de professionnels</i></b></p>
<h1 style="text-align: center;"><b><i>jeudi 26 février 2015</i></b></h1>
<p align="center"> </p>
<p align="center"><b><i>Un petit déjeuner accueillera les participants à partir de 8h45</i></b></p>
<p align="center"><b><i>La participation à cette matinale par créneaux de 30 mn est gratuite</i></b></p>
<p style="text-align: center;"><i> 10 professionnels mettent leur expertise à disposition des entreprises dans les domaines suivants:</i></p>
<p style="text-align: center;"> <img class="size-full wp-image-2940 alignnone" alt="NWConseil" src="http://networking-morbihan.com/wp-content/uploads/2015/01/NWConseil.png" width="307" height="209" /></p>
<p>&nbsp;</p>
<p><b>CCI de Vannes PIBS - Rue du commerce à Vannes 56000</b></p>
<p style="text-align: center;"> <a href="http://networking-morbihan.com/wp-content/uploads/2015/01/plan.png" target="_blank"><img class="wp-image-2948 aligncenter" alt="plan" src="http://networking-morbihan.com/wp-content/uploads/2015/01/plan.png" width="515" height="352" /></a></p>
<p>&nbsp;</p>
<h2>Pour vous inscrire à ce Speed Conseil</h2>
<p>&nbsp;</p>
<p>Afin d'organiser au mieux cette matinale, nous vous remercions de bien vouloir indiquer les consultants que vous souhaitez rencontrer ainsi que la ou les tranches horaires désirées.</p>
<p>Un e-mail de confirmation vous sera transmis et nos consultants vous contacteront pour fixer avec vous l'horaire précis de votre ou vos rendez-vous.</p>
<p>[gravityform id=51 name=Inscription Networking Conseil title=false ajax=true]</p>
<p>&nbsp;</p>
<p>L'équipe Networking Conseil de Networking-Morbihan</p>
<p>Contact : Ivan TRAVAIS  07 81 42 85 50 /  <a href="mailto:it@wsiadn.fr">it@wsiadn.fr</a></p>
<p>Pour en savoir plus sur nos consultants, consultez notre présentation</p>
<p align="center"><iframe src="//www.slideshare.net/slideshow/embed_code/44041620" width="476" height="400" frameborder="0" marginwidth="0" marginheight="0" scrolling="no"></iframe></p>
]]></content:encoded>
		<excerpt:encoded><![CDATA[]]></excerpt:encoded>
		<wp:post_id>2934</wp:post_id>
		<wp:post_date><![CDATA[2015-01-28 10:54:23]]></wp:post_date>
		<wp:post_date_gmt><![CDATA[2015-01-28 09:54:23]]></wp:post_date_gmt>
		<wp:comment_status><![CDATA[open]]></wp:comment_status>
		<wp:ping_status><![CDATA[open]]></wp:ping_status>
		<wp:post_name><![CDATA[nouveau-speed-conseil-networking-morbihan-a-vannes-le-jeudi-26-fevrier]]></wp:post_name>
		<wp:status><![CDATA[publish]]></wp:status>
		<wp:post_parent>0</wp:post_parent>
		<wp:menu_order>0</wp:menu_order>
		<wp:post_type><![CDATA[post]]></wp:post_type>
		<wp:post_password><![CDATA[]]></wp:post_password>
		<wp:is_sticky>0</wp:is_sticky>
		<category domain="category" nicename="a-la-une"><![CDATA[A la une]]></category>
		<category domain="category" nicename="networking-conseil"><![CDATA[Networking Conseil]]></category>
		<wp:postmeta>
			<wp:meta_key><![CDATA[_edit_last]]></wp:meta_key>
			<wp:meta_value><![CDATA[5]]></wp:meta_value>
		</wp:postmeta>
		<wp:postmeta>
			<wp:meta_key><![CDATA[_jsps_metabox_hide_buttons]]></wp:meta_key>
			<wp:meta_value><![CDATA[off]]></wp:meta_value>
		</wp:postmeta>
		<wp:postmeta>
			<wp:meta_key><![CDATA[_thumbnail_id]]></wp:meta_key>
			<wp:meta_value><![CDATA[2777]]></wp:meta_value>
		</wp:postmeta>
		<wp:postmeta>
			<wp:meta_key><![CDATA[_edit_last]]></wp:meta_key>
			<wp:meta_value><![CDATA[5]]></wp:meta_value>
		</wp:postmeta>
		<wp:postmeta>
			<wp:meta_key><![CDATA[_jsps_metabox_hide_buttons]]></wp:meta_key>
			<wp:meta_value><![CDATA[off]]></wp:meta_value>
		</wp:postmeta>
		<wp:postmeta>
			<wp:meta_key><![CDATA[_thumbnail_id]]></wp:meta_key>
			<wp:meta_value><![CDATA[2777]]></wp:meta_value>
		</wp:postmeta>
	</item>
	<item>
		<title>Speed Conseil Networking-Morbihan à Ploërmel le jeudi 23 avril</title>
		<link>https://www.networking-morbihan.com/speed-conseil-networking-morbihan-a-ploermel-le-jeudi-23-avril</link>
		<pubDate>Tue, 24 Mar 2015 09:57:29 +0000</pubDate>
		<dc:creator><![CDATA[ALEOS2i]]></dc:creator>
		<guid isPermaLink="false">http://networking-morbihan.com/?p=3073</guid>
		<description></description>
		<content:encoded><![CDATA[<h2><img class="aligncenter size-full wp-image-2777" src="http://networking-morbihan.com/wp-content/uploads/2014/11/logo_conseil_siteNW56.png" alt="logo_conseil_siteNW56" width="590" height="176" /></h2>
<p align="CENTER"><span style="font-size: x-large;"><i><b>Une matinale de Speed Conseil pour les entreprises</b></i></span></p>
<p align="CENTER"><span style="font-size: x-large;"><i><b>Après Lorient, Vannes, <span style="text-decoration: underline;">voici Ploërmel</span></b></i></span></p>
<p align="center"><b><i>Aller à l’essentiel sans perte de temps, voilà l’objectif de ce groupe de professionnels</i></b></p>

<h1 style="text-align: center;"><b><i>jeudi 23 avril 2015</i></b></h1>
<p align="center"></p>
<p align="center"><b><i>La participation à cette matinale par créneaux de 30 mn est gratuite</i></b></p>
<p align="center"><b><i>Un petit déjeuner accueillera les participants à partir de 8h30</i></b></p>
<p style="text-align: center;"><i> 9 professionnels mettent leur expertise à disposition des entreprises dans les domaines suivants:</i></p>
<p style="text-align: center;"><img class="size-full wp-image-2940 alignnone" src="http://networking-morbihan.com/wp-content/uploads/2015/01/NWConseil.png" alt="NWConseil" width="307" height="209" /></p>
&nbsp;
<p align="JUSTIFY"><b>CCI de Ploërmel - </b><span style="font-family: Arial,sans-serif;"><span style="font-size: small;"><b>Bâtiment COMETIAS, PA de Ronsouze - 56804 PLOERMEL</b></span></span></p>
<p style="text-align: center;"><a href="http://networking-morbihan.com/wp-content/uploads/2015/03/carte_ploermel.png"><img class="aligncenter size-full wp-image-3077" src="http://networking-morbihan.com/wp-content/uploads/2015/03/carte_ploermel.png" alt="carte_ploermel" width="557" height="442" /></a></p>
&nbsp;
<h2>Pour vous inscrire à ce Speed Conseil</h2>
&nbsp;

Afin d'organiser au mieux cette matinale, nous vous remercions de bien vouloir indiquer les consultants que vous souhaitez rencontrer ainsi que la ou les tranches horaires désirées.

Un e-mail de confirmation vous sera transmis et nos consultants vous contacteront pour fixer avec vous l'horaire précis de votre ou vos rendez-vous.

[gravityform id=51 name=Inscription Networking Conseil title=false ajax=true]

&nbsp;

L'équipe Networking Conseil de Networking-Morbihan

<i>Contact : </i><i><b>Reine PETCH-HENRIO</b></i><i> </i><span style="font-family: Verdana,sans-serif;"><span style="font-size: small;">+33-6-19-78-14-58 reinepetch.henrio@rph-eci.com</span></span>

Pour en savoir plus sur nos consultants, consultez notre présentation
<p align="center"><iframe src="//www.slideshare.net/slideshow/embed_code/46211705" width="476" height="400" frameborder="0" marginwidth="0" marginheight="0" scrolling="no"></iframe></p>]]></content:encoded>
		<excerpt:encoded><![CDATA[]]></excerpt:encoded>
		<wp:post_id>3073</wp:post_id>
		<wp:post_date><![CDATA[2015-03-24 10:57:29]]></wp:post_date>
		<wp:post_date_gmt><![CDATA[2015-03-24 09:57:29]]></wp:post_date_gmt>
		<wp:comment_status><![CDATA[open]]></wp:comment_status>
		<wp:ping_status><![CDATA[open]]></wp:ping_status>
		<wp:post_name><![CDATA[speed-conseil-networking-morbihan-a-ploermel-le-jeudi-23-avril]]></wp:post_name>
		<wp:status><![CDATA[publish]]></wp:status>
		<wp:post_parent>0</wp:post_parent>
		<wp:menu_order>0</wp:menu_order>
		<wp:post_type><![CDATA[post]]></wp:post_type>
		<wp:post_password><![CDATA[]]></wp:post_password>
		<wp:is_sticky>0</wp:is_sticky>
		<category domain="category" nicename="networking-conseil"><![CDATA[Networking Conseil]]></category>
		<wp:postmeta>
			<wp:meta_key><![CDATA[_jsps_metabox_hide_buttons]]></wp:meta_key>
			<wp:meta_value><![CDATA[off]]></wp:meta_value>
		</wp:postmeta>
		<wp:postmeta>
			<wp:meta_key><![CDATA[_edit_last]]></wp:meta_key>
			<wp:meta_value><![CDATA[6]]></wp:meta_value>
		</wp:postmeta>
		<wp:postmeta>
			<wp:meta_key><![CDATA[_thumbnail_id]]></wp:meta_key>
			<wp:meta_value><![CDATA[2777]]></wp:meta_value>
		</wp:postmeta>
		<wp:postmeta>
			<wp:meta_key><![CDATA[_jsps_metabox_hide_buttons]]></wp:meta_key>
			<wp:meta_value><![CDATA[off]]></wp:meta_value>
		</wp:postmeta>
		<wp:postmeta>
			<wp:meta_key><![CDATA[_edit_last]]></wp:meta_key>
			<wp:meta_value><![CDATA[6]]></wp:meta_value>
		</wp:postmeta>
		<wp:postmeta>
			<wp:meta_key><![CDATA[_thumbnail_id]]></wp:meta_key>
			<wp:meta_value><![CDATA[2777]]></wp:meta_value>
		</wp:postmeta>
	</item>
	<item>
		<title>Speed Conseil Networking-Morbihan à Pontivy le jeudi 1er octobre</title>
		<link>https://www.networking-morbihan.com/speed-conseil-networking-morbihan-a-pontivy-le-jeudi-1er-octobre</link>
		<pubDate>Tue, 08 Sep 2015 08:28:47 +0000</pubDate>
		<dc:creator><![CDATA[ALEOS2i]]></dc:creator>
		<guid isPermaLink="false">http://networking-morbihan.com/?p=3264</guid>
		<description></description>
		<content:encoded><![CDATA[<h2><img class="aligncenter size-full wp-image-2777" src="http://networking-morbihan.com/wp-content/uploads/2014/11/logo_conseil_siteNW56.png" alt="logo_conseil_siteNW56" width="590" height="176" /></h2>
<h2 style="text-align: center;"><em><strong>Une matinale de Speed Conseil pour les entreprises</strong></em>
<em><strong>Après Lorient, Vannes, Ploërmel</strong></em>
<em><strong>Voici Pontivy</strong></em></h2>
&nbsp;
<p align="center"><strong><em>Aller à l’essentiel, c’est l’objectif de ce groupe de professionnels</em></strong></p>

<h1 style="text-align: center;"><b><i>jeudi 1 <sup>er</sup> octobre 2015
</i></b></h1>
<p style="text-align: center;"><strong>CCI de Pontivy</strong>
<strong>80 Rue nationale,</strong>
<strong>56300 Pontivy</strong></p>
<p align="center"><b><i>La participation à cette matinale par créneaux de 30 mn est gratuite</i></b></p>
<p align="center"><b><i>Un petit déjeuner accueillera les participants à partir de 8h30</i></b></p>
<p style="text-align: center;"><i> 8 professionnels mettent à disposition leur expertise et domaines d’intervention</i></p>
<p style="text-align: center;"><img class="size-full wp-image-2940 alignnone" src="http://networking-morbihan.com/wp-content/uploads/2015/01/NWConseil.png" alt="NWConseil" width="307" height="209" /></p>
&nbsp;

&nbsp;

<a href="http://networking-morbihan.com/wp-content/uploads/2015/08/Plan-daccès-Pontivy.png" target="_blank"><img class="  aligncenter wp-image-3268" src="http://networking-morbihan.com/wp-content/uploads/2015/08/Plan-daccès-Pontivy.png" alt="Plan d'accès Pontivy" width="535" height="587" /></a>
<h2>Pour vous inscrire à ce Speed Conseil</h2>
&nbsp;

Afin d'organiser au mieux cette matinale, nous vous remercions de bien vouloir indiquer les consultants que vous souhaitez rencontrer ainsi que la ou les tranches horaires désirées.

Un e-mail de confirmation vous sera transmis et nos consultants vous contacteront pour fixer avec vous l'horaire précis de votre ou vos rendez-vous.

[gravityform id=65 name=Inscription Networking Conseil title=false ajax=true]

&nbsp;

L'équipe Networking Conseil de Networking-Morbihan

<i>Contact : </i><i><b>Reine PETCH-HENRIO</b></i><i> </i><span style="font-family: Verdana,sans-serif;"><span style="font-size: small;">+33-6-19-78-14-58 reinepetch.henrio@rph-eci.com</span></span>

Pour en savoir plus sur nos consultants, consultez notre présentation

<p align="center"><iframe style="border: 1px solid #CCC; border-width: 1px; margin-bottom: 5px; max-width: 100%;" src="//fr.slideshare.net/slideshow/embed_code/key/xGZupcQrC4ibnI" width="425" height="355" frameborder="0" marginwidth="0" marginheight="0" scrolling="no" allowfullscreen="allowfullscreen"> </iframe></p>]]></content:encoded>
		<excerpt:encoded><![CDATA[]]></excerpt:encoded>
		<wp:post_id>3264</wp:post_id>
		<wp:post_date><![CDATA[2015-09-08 09:28:47]]></wp:post_date>
		<wp:post_date_gmt><![CDATA[2015-09-08 08:28:47]]></wp:post_date_gmt>
		<wp:comment_status><![CDATA[open]]></wp:comment_status>
		<wp:ping_status><![CDATA[open]]></wp:ping_status>
		<wp:post_name><![CDATA[speed-conseil-networking-morbihan-a-pontivy-le-jeudi-1er-octobre]]></wp:post_name>
		<wp:status><![CDATA[publish]]></wp:status>
		<wp:post_parent>0</wp:post_parent>
		<wp:menu_order>0</wp:menu_order>
		<wp:post_type><![CDATA[post]]></wp:post_type>
		<wp:post_password><![CDATA[]]></wp:post_password>
		<wp:is_sticky>0</wp:is_sticky>
		<category domain="category" nicename="a-la-une"><![CDATA[A la une]]></category>
		<category domain="category" nicename="networking-conseil"><![CDATA[Networking Conseil]]></category>
		<wp:postmeta>
			<wp:meta_key><![CDATA[_jsps_metabox_hide_buttons]]></wp:meta_key>
			<wp:meta_value><![CDATA[off]]></wp:meta_value>
		</wp:postmeta>
		<wp:postmeta>
			<wp:meta_key><![CDATA[_edit_last]]></wp:meta_key>
			<wp:meta_value><![CDATA[6]]></wp:meta_value>
		</wp:postmeta>
		<wp:postmeta>
			<wp:meta_key><![CDATA[_thumbnail_id]]></wp:meta_key>
			<wp:meta_value><![CDATA[2777]]></wp:meta_value>
		</wp:postmeta>
		<wp:postmeta>
			<wp:meta_key><![CDATA[_jsps_metabox_hide_buttons]]></wp:meta_key>
			<wp:meta_value><![CDATA[off]]></wp:meta_value>
		</wp:postmeta>
		<wp:postmeta>
			<wp:meta_key><![CDATA[_edit_last]]></wp:meta_key>
			<wp:meta_value><![CDATA[6]]></wp:meta_value>
		</wp:postmeta>
		<wp:postmeta>
			<wp:meta_key><![CDATA[_thumbnail_id]]></wp:meta_key>
			<wp:meta_value><![CDATA[2777]]></wp:meta_value>
		</wp:postmeta>
	</item>
	<item>
		<title>Speed Conseil Networking-Morbihan à Lorient le jeudi 29 octobre</title>
		<link>https://www.networking-morbihan.com/speed-conseil-networking-morbihan-a-lorient-le-jeudi-29-octobre</link>
		<pubDate>Fri, 09 Oct 2015 11:19:12 +0000</pubDate>
		<dc:creator><![CDATA[ALEOS2i]]></dc:creator>
		<guid isPermaLink="false">http://networking-morbihan.com/?p=3349</guid>
		<description></description>
		<content:encoded><![CDATA[<h2><img class="aligncenter size-full wp-image-2777" src="http://networking-morbihan.com/wp-content/uploads/2014/11/logo_conseil_siteNW56.png" alt="logo_conseil_siteNW56" width="590" height="176" /></h2>
<h2 style="text-align: center;"><strong><em>Une matinale de Speed Conseil pour les entreprises</em></strong></h2>
<p style="text-align: center;"><strong><em>Après Lorient, Vannes, Ploërmel, Pontivy</em></strong></p>

<h2 style="text-align: center;"><strong>Le Speed Conseil s’invite chez</strong></h2>
<h2 style="text-align: center;">Amanda Grey</h2>
<h2 style="text-align: center;"><a href="http://www.amandagrey.com/" target="_blank"><img class="alignnone wp-image-3371 size-full" title="Le site d'AMANDA GREY" src="http://networking-morbihan.com/wp-content/uploads/2015/10/logo_Google.png" alt="logo_Google" width="250" height="250" /></a></h2>
<h2 style="text-align: center;">1124 Rue Jean Baptiste Martenot <em>56850 Caudan<strong>
</strong></em></h2>
<p align="center"> <strong><em>Aller à l’essentiel, c’est l’objectif de ce groupe de professionnels</em></strong></p>

<h1 style="text-align: center;"><b><i>jeudi 29 octobre 2015
</i></b></h1>
<p align="center"><b><i>La participation à cette matinale par créneaux de 30 mn est gratuite</i></b></p>
<p align="center"><b><i>Un petit déjeuner accueillera les participants à partir de 8h30</i></b></p>
<p style="text-align: center;"><strong><i> 9 professionnels mettent à disposition leur expertise et domaines d’intervention</i></strong></p>
<p style="text-align: center;"><img class="aligncenter size-full wp-image-3346" src="http://networking-morbihan.com/wp-content/uploads/2015/07/puzzle-networking-morbihan.png" alt="puzzle-networking-morbihan" width="589" height="398" /></p>
&nbsp;
<p style="text-align: center;"><iframe src="https://maps.google.fr/maps?f=q&amp;source=s_q&amp;hl=fr&amp;geocode=&amp;q=amanda+grey&amp;aq=&amp;sll=47.749325,-3.380314&amp;sspn=0.059326,0.169086&amp;ie=UTF8&amp;hq=amanda+grey&amp;t=h&amp;cid=2712079465550564109&amp;hnear=&amp;ll=47.793207,-3.348427&amp;spn=0.020182,0.036478&amp;z=14&amp;iwloc=A&amp;output=embed" width="425" height="350" frameborder="0" marginwidth="0" marginheight="0" scrolling="no"></iframe>
<small><a style="color: #0000ff; text-align: left;" href="https://maps.google.fr/maps?f=q&amp;source=embed&amp;hl=fr&amp;geocode=&amp;q=amanda+grey&amp;aq=&amp;sll=47.749325,-3.380314&amp;sspn=0.059326,0.169086&amp;ie=UTF8&amp;hq=amanda+grey&amp;t=h&amp;cid=2712079465550564109&amp;hnear=&amp;ll=47.793207,-3.348427&amp;spn=0.020182,0.036478&amp;z=14&amp;iwloc=A">Agrandir le plan</a></small></p>
<p style="text-align: center;">Profitez de cette opportunité pour visiter les locaux d’AMANDA GREY</p>
<p style="text-align: center;">Centre de formation professionnelle en anglais technique et commercial</p>
<p style="text-align: center;"><a href="http://www.amandagrey.com/" target="_blank">http://www.amandagrey.com/</a></p>
&nbsp;

Pour vous inscrire à ce Speed Conseil

Afin d'organiser au mieux cette matinale, nous vous remercions de bien vouloir indiquer les consultants que vous souhaitez rencontrer ainsi que la ou les tranches horaires désirées.

Un e-mail de confirmation vous sera transmis et nos consultants vous contacteront pour fixer avec vous l'horaire précis de votre ou vos rendez-vous.

[gravityform id=68 name=Inscription Networking Conseil title=false ajax=true]

&nbsp;

L'équipe Networking Conseil de Networking-Morbihan

<i>Contact : </i><i><b>Reine PETCH-HENRIO</b></i><i> </i><span style="font-family: Verdana,sans-serif;"><span style="font-size: small;">+33-6-19-78-14-58 <a href="mailto:reinepetch.henrio@rph-eci.com" target="_blank">reinepetch.henrio@rph-eci.com</a></span></span>

Pour en savoir plus sur nos consultants, consultez notre présentation
<iframe style="border: 1px solid #CCC; border-width: 1px; margin-bottom: 5px; max-width: 100%;" src="//fr.slideshare.net/slideshow/embed_code/key/CiCIZnuhxBONxB" width="425" height="355" frameborder="0" marginwidth="0" marginheight="0" scrolling="no" allowfullscreen="allowfullscreen"> </iframe>
<div style="margin-bottom: 5px;"><strong> <a title="Speed Conseil Networking Morbihan le jeudi 29 octobre 2015 à Lorient" href="//fr.slideshare.net/Networking-Morbihan/speed-conseil-networking-morbihan-le-jeudi-29-octobre-2015-lorient" target="_blank">Speed Conseil Networking Morbihan le jeudi 29 octobre 2015 à Lorient</a> </strong> from <strong><a href="//www.slideshare.net/Networking-Morbihan" target="_blank">Networking Morbihan</a></strong></div>]]></content:encoded>
		<excerpt:encoded><![CDATA[]]></excerpt:encoded>
		<wp:post_id>3349</wp:post_id>
		<wp:post_date><![CDATA[2015-10-09 12:19:12]]></wp:post_date>
		<wp:post_date_gmt><![CDATA[2015-10-09 11:19:12]]></wp:post_date_gmt>
		<wp:comment_status><![CDATA[open]]></wp:comment_status>
		<wp:ping_status><![CDATA[open]]></wp:ping_status>
		<wp:post_name><![CDATA[speed-conseil-networking-morbihan-a-lorient-le-jeudi-29-octobre]]></wp:post_name>
		<wp:status><![CDATA[publish]]></wp:status>
		<wp:post_parent>0</wp:post_parent>
		<wp:menu_order>0</wp:menu_order>
		<wp:post_type><![CDATA[post]]></wp:post_type>
		<wp:post_password><![CDATA[]]></wp:post_password>
		<wp:is_sticky>0</wp:is_sticky>
		<category domain="category" nicename="a-la-une"><![CDATA[A la une]]></category>
		<category domain="category" nicename="networking-conseil"><![CDATA[Networking Conseil]]></category>
		<wp:postmeta>
			<wp:meta_key><![CDATA[_thumbnail_id]]></wp:meta_key>
			<wp:meta_value><![CDATA[2777]]></wp:meta_value>
		</wp:postmeta>
		<wp:postmeta>
			<wp:meta_key><![CDATA[_jsps_metabox_hide_buttons]]></wp:meta_key>
			<wp:meta_value><![CDATA[off]]></wp:meta_value>
		</wp:postmeta>
		<wp:postmeta>
			<wp:meta_key><![CDATA[_edit_last]]></wp:meta_key>
			<wp:meta_value><![CDATA[6]]></wp:meta_value>
		</wp:postmeta>
		<wp:postmeta>
			<wp:meta_key><![CDATA[_wp_old_slug]]></wp:meta_key>
			<wp:meta_value><![CDATA[speed-conseil-networking-morbihan-a-pontivy-le-jeudi-29-octobre]]></wp:meta_value>
		</wp:postmeta>
		<wp:postmeta>
			<wp:meta_key><![CDATA[_jsps_metabox_hide_buttons]]></wp:meta_key>
			<wp:meta_value><![CDATA[off]]></wp:meta_value>
		</wp:postmeta>
		<wp:postmeta>
			<wp:meta_key><![CDATA[_edit_last]]></wp:meta_key>
			<wp:meta_value><![CDATA[6]]></wp:meta_value>
		</wp:postmeta>
		<wp:postmeta>
			<wp:meta_key><![CDATA[_wp_old_slug]]></wp:meta_key>
			<wp:meta_value><![CDATA[speed-conseil-networking-morbihan-a-pontivy-le-jeudi-29-octobre]]></wp:meta_value>
		</wp:postmeta>
		<wp:postmeta>
			<wp:meta_key><![CDATA[_thumbnail_id]]></wp:meta_key>
			<wp:meta_value><![CDATA[2777]]></wp:meta_value>
		</wp:postmeta>
	</item>
	<item>
		<title>5ème matinale Speed Conseil pour les entreprises - Vannes le mardi 19 janvier 2016</title>
		<link>https://www.networking-morbihan.com/nouveau-speed-conseil-networking-morbihan-a-vannes-le-mardi-19-janvier-2016</link>
		<pubDate>Tue, 01 Dec 2015 09:45:29 +0000</pubDate>
		<dc:creator><![CDATA[ALEOS2i]]></dc:creator>
		<guid isPermaLink="false">http://networking-morbihan.com/?p=3430</guid>
		<description></description>
		<content:encoded><![CDATA[<h2><img class="aligncenter size-full wp-image-2777" src="http://networking-morbihan.com/wp-content/uploads/2014/11/logo_conseil_siteNW56.png" alt="logo_conseil_siteNW56" width="590" height="176" /></h2>
<p style="text-align: center;"><strong><em>5ème matinale de Speed Conseil pour les  entreprises</em></strong></p>
<p style="text-align: center;"><strong><em>Des professionnels à votre écoute</em></strong></p>
<p style="text-align: center;"><strong><em>Là où sont vos besoins</em></strong></p>
&nbsp;
<h1 style="text-align: center;"><b><i>mardi 19 janvier 2016
</i></b></h1>
<p style="text-align: center;"> <strong>CCI de Vannes PIBS</strong>
<strong> Rue du commerce à Vannes 56000</strong></p>
<p style="text-align: center;"><em><strong>Un petit déjeuner accueillera les participants à partir de 8h45</strong></em>
<em> <strong> La participation à cette matinale par créneaux de 30 mn est gratuite</strong></em></p>
<p style="text-align: center;"><i> 9 professionnels mettent leur expertise à disposition des entreprises dans les domaines suivants:</i></p>
<p style="text-align: center;"><img class="aligncenter  wp-image-3346" src="http://networking-morbihan.com/wp-content/uploads/2015/07/puzzle-networking-morbihan.png" alt="puzzle-networking-morbihan" width="448" height="303" /></p>
&nbsp;
<p style="text-align: center;"><b>CCI de Vannes PIBS - Rue du commerce à Vannes 56000</b></p>
<p style="text-align: center;"><a href="http://networking-morbihan.com/wp-content/uploads/2015/01/plan.png" target="_blank"><img class="wp-image-2948 aligncenter" src="http://networking-morbihan.com/wp-content/uploads/2015/01/plan.png" alt="plan" width="515" height="352" /></a></p>

<h2 style="text-align: left;"></h2>
<h2 style="text-align: left;">En partenariat avec BLG Communication</h2>
<p style="text-align: center;"><a href="http://blgcommunication.fr/" target="_blank"><img class=" wp-image-3492  aligncenter" src="http://networking-morbihan.com/wp-content/uploads/2015/11/logo-blg-400.png" alt="logo-blg-400" width="283" height="66" />  </a></p>

<h2>Pour vous inscrire à ce Speed Conseil</h2>
&nbsp;

Afin d'organiser au mieux cette matinale, nous vous remercions de bien vouloir indiquer le ou les consultant(s) que vous souhaitez rencontrer ainsi que la ou les tranches horaires désirées.

Un e-mail de confirmation vous sera transmis et nos consultants vous contacteront pour fixer avec vous l'horaire précis de votre ou vos rendez-vous.

[gravityform id=73 name=Inscription Networking Conseil title=false ajax=true]

&nbsp;

L'équipe Networking Conseil de Networking-Morbihan

Contact : Ivan TRAVAIS 07 81 42 85 50 / <a href="mailto:it@wsiadn.fr">it@wsiadn.fr</a>

Pour en savoir plus sur nos consultants, cliquer sur notre présentation
<p align="center"><iframe src="//fr.slideshare.net/slideshow/embed_code/key/Dn1X4GFxdIkUsM" width="476" height="400" frameborder="0" marginwidth="0" marginheight="0" scrolling="no"></iframe></p>]]></content:encoded>
		<excerpt:encoded><![CDATA[]]></excerpt:encoded>
		<wp:post_id>3430</wp:post_id>
		<wp:post_date><![CDATA[2015-12-01 10:45:29]]></wp:post_date>
		<wp:post_date_gmt><![CDATA[2015-12-01 09:45:29]]></wp:post_date_gmt>
		<wp:comment_status><![CDATA[open]]></wp:comment_status>
		<wp:ping_status><![CDATA[open]]></wp:ping_status>
		<wp:post_name><![CDATA[nouveau-speed-conseil-networking-morbihan-a-vannes-le-mardi-19-janvier-2016]]></wp:post_name>
		<wp:status><![CDATA[publish]]></wp:status>
		<wp:post_parent>0</wp:post_parent>
		<wp:menu_order>0</wp:menu_order>
		<wp:post_type><![CDATA[post]]></wp:post_type>
		<wp:post_password><![CDATA[]]></wp:post_password>
		<wp:is_sticky>0</wp:is_sticky>
		<category domain="category" nicename="a-la-une"><![CDATA[A la une]]></category>
		<category domain="category" nicename="networking-conseil"><![CDATA[Networking Conseil]]></category>
		<wp:postmeta>
			<wp:meta_key><![CDATA[_jsps_metabox_hide_buttons]]></wp:meta_key>
			<wp:meta_value><![CDATA[off]]></wp:meta_value>
		</wp:postmeta>
		<wp:postmeta>
			<wp:meta_key><![CDATA[_edit_last]]></wp:meta_key>
			<wp:meta_value><![CDATA[6]]></wp:meta_value>
		</wp:postmeta>
		<wp:postmeta>
			<wp:meta_key><![CDATA[_thumbnail_id]]></wp:meta_key>
			<wp:meta_value><![CDATA[2777]]></wp:meta_value>
		</wp:postmeta>
		<wp:postmeta>
			<wp:meta_key><![CDATA[_jsps_metabox_hide_buttons]]></wp:meta_key>
			<wp:meta_value><![CDATA[off]]></wp:meta_value>
		</wp:postmeta>
		<wp:postmeta>
			<wp:meta_key><![CDATA[_edit_last]]></wp:meta_key>
			<wp:meta_value><![CDATA[6]]></wp:meta_value>
		</wp:postmeta>
		<wp:postmeta>
			<wp:meta_key><![CDATA[_thumbnail_id]]></wp:meta_key>
			<wp:meta_value><![CDATA[2777]]></wp:meta_value>
		</wp:postmeta>
	</item>
	<item>
		<title>6ème matinale Speed Conseil pour les entreprises - Lorient le mardi 22 mars 2016</title>
		<link>https://www.networking-morbihan.com/6eme-matinale-speed-conseil-pour-les-entreprises-lorient-le-mardi-22-mars-2016</link>
		<pubDate>Fri, 12 Feb 2016 10:32:37 +0000</pubDate>
		<dc:creator><![CDATA[ALEOS2i]]></dc:creator>
		<guid isPermaLink="false">http://networking-morbihan.com/?p=3566</guid>
		<description></description>
		<content:encoded><![CDATA[<h2><img class="aligncenter size-full wp-image-2777" src="http://networking-morbihan.com/wp-content/uploads/2014/11/logo_conseil_siteNW56.png" alt="logo_conseil_siteNW56" width="590" height="176" /></h2>
&nbsp;
<h2 style="text-align: center;"><em><strong>Invité Maître ROUX, Avocat</strong></em></h2>
<h2 style="text-align: center;"><em><strong>Intervention de 8h30/9h30</strong></em></h2>
<p style="text-align: center;">Intervention sur :</p>
<p style="text-align: center;">VOTRE SITE INTERNET
VOS DROITS ET DEVOIRS
Droits d'auteur Image Propriété Responsabilité</p>

<h2 style="text-align: center;"><em> <strong> Suivie d'un Speed Conseil
</strong></em></h2>
<p style="text-align: center;"><strong>Un petit déjeuner accueillera les participants à partir de 8h
</strong></p>
 <img class="aligncenter  wp-image-3619" src="http://networking-morbihan.com/wp-content/uploads/2016/02/Puzzle.png" alt="Puzzle" width="584" height="436" />
<p style="text-align: center;"><strong><em><a title="Page de présentation" href="http://ibisstyleshotel.ibis.com/fr/france/index.shtml" target="_blank">IBIS STYLE (Ex All seasons)
</a>758 rue Pierre Landais - Centre hôtelier Kerpont Bellevue</em></strong>
<strong> <em>56850 CAUDAN</em></strong></p>
<p style="text-align: center;">[wpgmappity id="7"]</p>
<p style="text-align: center;"><strong> </strong></p>

<h2>Inscrivez-vous ci-dessous :</h2>
Vous pourrez également  rencontrer les consultants ci-dessous lors de cette matinale.

[gravityform id=79 name=Inscription Networking Conseil title=false ajax=true]

&nbsp;

L'équipe Networking Conseil de Networking-Morbihan

<i>Contact : </i><i><b>Reine PETCH-HENRIO</b></i><i> </i><span style="font-family: Verdana,sans-serif;"><span style="font-size: small;">+33-6-19-78-14-58 <a href="mailto:reinepetch.henrio@rph-eci.com" target="_blank">reinepetch.henrio@rph-eci.com</a></span></span>

Pour en savoir plus sur nos consultants, cliquer sur notre présentation
<p align="center"><iframe src="//fr.slideshare.net/slideshow/embed_code/key/juk8g6YpOTv5kw" width="476" height="400" frameborder="0" marginwidth="0" marginheight="0" scrolling="no"></iframe></p>
]]></content:encoded>
		<excerpt:encoded><![CDATA[]]></excerpt:encoded>
		<wp:post_id>3566</wp:post_id>
		<wp:post_date><![CDATA[2016-02-12 11:32:37]]></wp:post_date>
		<wp:post_date_gmt><![CDATA[2016-02-12 10:32:37]]></wp:post_date_gmt>
		<wp:comment_status><![CDATA[open]]></wp:comment_status>
		<wp:ping_status><![CDATA[open]]></wp:ping_status>
		<wp:post_name><![CDATA[6eme-matinale-speed-conseil-pour-les-entreprises-lorient-le-mardi-22-mars-2016]]></wp:post_name>
		<wp:status><![CDATA[publish]]></wp:status>
		<wp:post_parent>0</wp:post_parent>
		<wp:menu_order>0</wp:menu_order>
		<wp:post_type><![CDATA[post]]></wp:post_type>
		<wp:post_password><![CDATA[]]></wp:post_password>
		<wp:is_sticky>0</wp:is_sticky>
		<category domain="category" nicename="a-la-une"><![CDATA[A la une]]></category>
		<category domain="category" nicename="networking-conseil"><![CDATA[Networking Conseil]]></category>
		<wp:postmeta>
			<wp:meta_key><![CDATA[_thumbnail_id]]></wp:meta_key>
			<wp:meta_value><![CDATA[2777]]></wp:meta_value>
		</wp:postmeta>
		<wp:postmeta>
			<wp:meta_key><![CDATA[_jsps_metabox_hide_buttons]]></wp:meta_key>
			<wp:meta_value><![CDATA[off]]></wp:meta_value>
		</wp:postmeta>
		<wp:postmeta>
			<wp:meta_key><![CDATA[_edit_last]]></wp:meta_key>
			<wp:meta_value><![CDATA[6]]></wp:meta_value>
		</wp:postmeta>
		<wp:postmeta>
			<wp:meta_key><![CDATA[_jsps_metabox_hide_buttons]]></wp:meta_key>
			<wp:meta_value><![CDATA[off]]></wp:meta_value>
		</wp:postmeta>
		<wp:postmeta>
			<wp:meta_key><![CDATA[_edit_last]]></wp:meta_key>
			<wp:meta_value><![CDATA[6]]></wp:meta_value>
		</wp:postmeta>
		<wp:postmeta>
			<wp:meta_key><![CDATA[_thumbnail_id]]></wp:meta_key>
			<wp:meta_value><![CDATA[2777]]></wp:meta_value>
		</wp:postmeta>
	</item>
	<item>
		<title>Franc succès pour la visite de ComposiTIC et la Matinale de speed conseil</title>
		<link>https://www.networking-morbihan.com/un-franc-succes</link>
		<pubDate>Wed, 30 Mar 2016 11:22:20 +0000</pubDate>
		<dc:creator><![CDATA[SylvieD]]></dc:creator>
		<guid isPermaLink="false">http://networking-morbihan.com/?p=3626</guid>
		<description></description>
		<content:encoded><![CDATA[Vous étiez nombreux à avoir répondu présent pour la visite du plateau ComposiTIC et du Fab Lab à Soye. Vous êtes unanimes à avoir apprécié ce moment d'échange avec les ingénieurs et animateurs des deux sites ainsi que la très belle prestation d' Arnaud Bouteiller, traiteur de cette soirée.

<a href="http://networking-morbihan.com/wp-content/uploads/2016/03/1-DSC01230.jpg"><img class="aligncenter wp-image-3627" src="http://networking-morbihan.com/wp-content/uploads/2016/03/1-DSC01230-1024x576.jpg" alt="1-DSC01230" width="600" height="338" /></a>

<a href="http://networking-morbihan.com/wp-content/uploads/2016/03/1-DSC01244.jpg"><img class="aligncenter wp-image-3628" src="http://networking-morbihan.com/wp-content/uploads/2016/03/1-DSC01244-300x169.jpg" alt="1-DSC01244" width="600" height="338" /></a>

Autre rencontre plébiscitée, la 6e Matinale de Networking Conseil autour de l'intervention très ciblée de Maître Roux, les droits et devoirs attachés à votre site Internet. Cette rencontre connaîtra certainement une suite sur ce sujet d'importance pour nombre d'entreprises.

<a href="http://networking-morbihan.com/wp-content/uploads/2015/07/Article-télégramme.png"><img class="aligncenter wp-image-3624 size-full" src="http://networking-morbihan.com/wp-content/uploads/2015/07/Article-télégramme.png" alt="Article télégramme" width="451" height="671" /></a>

A venir en avril, une soirée pour lâcher prise avec un atelier "Yoga du rire" le 19 avril. Inscriptions ouverte prochainement.

Networking Morbihan co-organise le jeudi 21 avril la soirée "Conseil made in Morbihan" à l'UBS de Vannes. <a href="http://www.tyweb.bzh/leconseilmadeinmorbihan" target="_blank">En savoir plus</a>]]></content:encoded>
		<excerpt:encoded><![CDATA[]]></excerpt:encoded>
		<wp:post_id>3626</wp:post_id>
		<wp:post_date><![CDATA[2016-03-30 12:22:20]]></wp:post_date>
		<wp:post_date_gmt><![CDATA[2016-03-30 11:22:20]]></wp:post_date_gmt>
		<wp:comment_status><![CDATA[open]]></wp:comment_status>
		<wp:ping_status><![CDATA[open]]></wp:ping_status>
		<wp:post_name><![CDATA[un-franc-succes]]></wp:post_name>
		<wp:status><![CDATA[publish]]></wp:status>
		<wp:post_parent>0</wp:post_parent>
		<wp:menu_order>0</wp:menu_order>
		<wp:post_type><![CDATA[post]]></wp:post_type>
		<wp:post_password><![CDATA[]]></wp:post_password>
		<wp:is_sticky>0</wp:is_sticky>
		<category domain="category" nicename="a-la-une"><![CDATA[A la une]]></category>
		<category domain="category" nicename="blog"><![CDATA[Actualités]]></category>
		<category domain="category" nicename="networking-apero"><![CDATA[Networking apéro]]></category>
		<category domain="category" nicename="networking-conseil"><![CDATA[Networking Conseil]]></category>
		<wp:postmeta>
			<wp:meta_key><![CDATA[_jsps_metabox_hide_buttons]]></wp:meta_key>
			<wp:meta_value><![CDATA[off]]></wp:meta_value>
		</wp:postmeta>
		<wp:postmeta>
			<wp:meta_key><![CDATA[_edit_last]]></wp:meta_key>
			<wp:meta_value><![CDATA[11]]></wp:meta_value>
		</wp:postmeta>
		<wp:postmeta>
			<wp:meta_key><![CDATA[_jsps_metabox_hide_buttons]]></wp:meta_key>
			<wp:meta_value><![CDATA[off]]></wp:meta_value>
		</wp:postmeta>
		<wp:postmeta>
			<wp:meta_key><![CDATA[_edit_last]]></wp:meta_key>
			<wp:meta_value><![CDATA[11]]></wp:meta_value>
		</wp:postmeta>
	</item>
</channel>
</rss>
