<?xml version="1.0" encoding="UTF-8" ?>
<!-- This is a WordPress eXtended RSS file generated by WordPress as an export of your site. -->
<!-- It contains information about your site's posts, pages, comments, categories, and other content. -->
<!-- You may use this file to transfer that content from one site to another. -->
<!-- This file is not intended to serve as a complete backup of your site. -->

<!-- To import this information into a WordPress site follow these steps: -->
<!-- 1. Log in to that site as an administrator. -->
<!-- 2. Go to Tools: Import in the WordPress admin panel. -->
<!-- 3. Install the "WordPress" importer from the list. -->
<!-- 4. Activate & Run Importer. -->
<!-- 5. Upload this file using the form provided on that page. -->
<!-- 6. You will first be asked to map the authors in this export file to users -->
<!--    on the site. For each author, you may choose to map to an -->
<!--    existing user on the site or to create a new user. -->
<!-- 7. WordPress will then import each of the posts, pages, comments, categories, etc. -->
<!--    contained in this file into your site. -->

<!-- generator="WordPress/4.9.5" created="2019-01-02 15:02" -->
<rss version="2.0"
	xmlns:excerpt="http://wordpress.org/export/1.2/excerpt/"
	xmlns:content="http://purl.org/rss/1.0/modules/content/"
	xmlns:wfw="http://wellformedweb.org/CommentAPI/"
	xmlns:dc="http://purl.org/dc/elements/1.1/"
	xmlns:wp="http://wordpress.org/export/1.2/"
>

<channel>
	<title>Networking Morbihan</title>
	<link>https://www.networking-morbihan.com</link>
	<description>Faite vous des contacts dans le morbihan</description>
	<pubDate>Wed, 02 Jan 2019 15:02:07 +0000</pubDate>
	<language>fr-FR</language>
	<wp:wxr_version>1.2</wp:wxr_version>
	<wp:base_site_url>https://www.networking-morbihan.com</wp:base_site_url>
	<wp:base_blog_url>https://www.networking-morbihan.com</wp:base_blog_url>

	<wp:author><wp:author_id>6</wp:author_id><wp:author_login><![CDATA[ALEOS2i]]></wp:author_login><wp:author_email><![CDATA[alain.le-sant@aleos2i.fr]]></wp:author_email><wp:author_display_name><![CDATA[Alain LE SANT - ALEOS2i]]></wp:author_display_name><wp:author_first_name><![CDATA[Alain LE SANT]]></wp:author_first_name><wp:author_last_name><![CDATA[- ALEOS2i]]></wp:author_last_name></wp:author>

	<wp:category>
		<wp:term_id>57</wp:term_id>
		<wp:category_nicename><![CDATA[networking-cotravail]]></wp:category_nicename>
		<wp:category_parent><![CDATA[]]></wp:category_parent>
		<wp:cat_name><![CDATA[Networking Cotravail]]></wp:cat_name>
	</wp:category>

	<generator>https://wordpress.org/?v=4.9.5</generator>

<image>
	<url>https://www.networking-morbihan.com/wp-content/uploads/2017/09/cropped-picot-nw56-32x32.png</url>
	<title>Networking Morbihan</title>
	<link>https://www.networking-morbihan.com</link>
	<width>32</width>
	<height>32</height>
</image> 

	<item>
		<title>Grande Enquête sur l’opportunité d’un espace Coworking sur Lorient</title>
		<link>https://www.networking-morbihan.com/grande-enquete-sur-lopportunite-dun-espace-coworking-sur-lorient</link>
		<pubDate>Tue, 26 Mar 2013 13:06:20 +0000</pubDate>
		<dc:creator><![CDATA[ALEOS2i]]></dc:creator>
		<guid isPermaLink="false">http://networking-morbihan.com/?p=2712</guid>
		<description></description>
		<content:encoded><![CDATA[<h3>Participez à notre enquête ici : <a title="Répondre au sondage" href="https://docs.google.com/forms/d/1QZjcL3q1325Zdgr-IU94i-EuyyyVHNhbgyW1fKo8tvM/viewform">Cliquer ICI</a></h3>
<p>&nbsp;</p>
<p><img class=" wp-image-1210 alignleft" alt="Table ronde communication" src="http://networking-morbihan.com/wp-content/uploads/2012/09/coworking-300x225.jpg" width="252" height="190" /></p>
<p><strong>NETWORKING MORBIHAN</strong> invite les acteurs économiques du Pays de Lorient : chefs d’entreprises, indépendants, salariés, institutionnels, étudiants, chômeurs… à participer à son enquête en ligne sur l’opportunité de la création d’un espace de Coworking sur le pays de Lorient.</p>
<h3><strong>Qu’est-ce qu’un Espace de Coworking ?</strong></h3>
<p>« Le <strong><em>coworking</em></strong> est un type d’organisation du travail qui regroupe deux notions : un espace de travail partagé, mais aussi un réseau de travailleurs encourageant l'échange et l'ouverture… L'idée à l'origine est de permettre aux travailleurs indépendants de ne pas rester isolés chez eux et de pouvoir trouver, dans ce lieu et à travers ce réseau, un espace de socialisation propre à l'entreprise… Les espaces de <em>coworking</em> existent depuis sept ans. Ces espaces de travail partagé, tiers lieu, entre travail à domicile et travail en entreprise s'étendent rapidement, ils ont pour eux à la fois le confort du travail à domicile et la richesse sociale du travail en entreprise. » <em>(Source : Wikipedia)</em></p>
<h3><strong>Y-a-t-il un besoin sur Lorient ?</strong></h3>
<p>C’est pour répondre à cette question que nous vous invitons à répondre à cette enquête en ligne. Afin de permettre à l’ensemble des personnes concernées sur le Pays de Lorient de répondre, cette enquête sera disponible en ligne un mois (jusqu’au 03/04/2013). Les résultats seront analysés par la suite et publiés sur notre site dédié à ce projet : <a href="http://networking-morbihan.com/sujet/networking-cotravail">http://networking-morbihan.com/sujet/networking-cotravail</a> N’hésitez pas faire connaître cette enquête auprès de vos contacts afin que nous ayons le plus possible de réponses !</p>
<h3>Maintenant à vous de jouer : <a title="Répondre au sondage" href="https://docs.google.com/forms/d/1QZjcL3q1325Zdgr-IU94i-EuyyyVHNhbgyW1fKo8tvM/viewform">Cliquer ICI</a></h3>
<p>&nbsp;</p>]]></content:encoded>
		<excerpt:encoded><![CDATA[]]></excerpt:encoded>
		<wp:post_id>2712</wp:post_id>
		<wp:post_date><![CDATA[2013-03-26 13:06:20]]></wp:post_date>
		<wp:post_date_gmt><![CDATA[2013-03-26 13:06:20]]></wp:post_date_gmt>
		<wp:comment_status><![CDATA[open]]></wp:comment_status>
		<wp:ping_status><![CDATA[open]]></wp:ping_status>
		<wp:post_name><![CDATA[grande-enquete-sur-lopportunite-dun-espace-coworking-sur-lorient]]></wp:post_name>
		<wp:status><![CDATA[publish]]></wp:status>
		<wp:post_parent>0</wp:post_parent>
		<wp:menu_order>0</wp:menu_order>
		<wp:post_type><![CDATA[post]]></wp:post_type>
		<wp:post_password><![CDATA[]]></wp:post_password>
		<wp:is_sticky>0</wp:is_sticky>
		<category domain="category" nicename="networking-cotravail"><![CDATA[Networking Cotravail]]></category>
		<wp:postmeta>
			<wp:meta_key><![CDATA[_edit_last]]></wp:meta_key>
			<wp:meta_value><![CDATA[6]]></wp:meta_value>
		</wp:postmeta>
		<wp:postmeta>
			<wp:meta_key><![CDATA[_thumbnail_id]]></wp:meta_key>
			<wp:meta_value><![CDATA[1210]]></wp:meta_value>
		</wp:postmeta>
		<wp:postmeta>
			<wp:meta_key><![CDATA[_edit_last]]></wp:meta_key>
			<wp:meta_value><![CDATA[6]]></wp:meta_value>
		</wp:postmeta>
		<wp:postmeta>
			<wp:meta_key><![CDATA[_thumbnail_id]]></wp:meta_key>
			<wp:meta_value><![CDATA[1210]]></wp:meta_value>
		</wp:postmeta>
	</item>
	<item>
		<title>Premiers résultats de l&#039;enquête Coworking Lorient</title>
		<link>https://www.networking-morbihan.com/premiers-resultats-de-lenquete-coworking-lorient</link>
		<pubDate>Thu, 18 Apr 2013 13:09:54 +0000</pubDate>
		<dc:creator><![CDATA[ALEOS2i]]></dc:creator>
		<guid isPermaLink="false">http://networking-morbihan.com/?p=2716</guid>
		<description></description>
		<content:encoded><![CDATA[<p>Au mois de mars et avril nous avions lancé une enquête auprès des personnes intéressées par un projet de Coworking sur Lorient.</p>
<p>Aujourd'hui nous vous présentons les premiers résultats de cette enquête que vous pouvez télécharger ici :</p>
<p><a href="http://networking-morbihan.com/wp-content/uploads/2014/10/Sondage-COWORKING-LORIENT.pdf" target="_blank">Sondage COWORKING LORIENT</a></p>
<h3>Nos premiers commentaires sur les résultats de l'enquête :</h3>
<ul>
<li>Concernant la taille de l'échantillon : nous n'avons eu que 102 réponses à notre enquête. Compte tenu de la taille du bassin d'emplois de Lorient ou du nombre d'indépendants ou de TPE sur le secteur, nous sommes un peu déçus. De ce fait, nous pourrons difficilement effectuer des tris croisés ou des filtres, les sous-échantillons étant trop petits pour être véritablement exploitables, et devrons nous contenter essentiellement des résultats à plat.</li>
<li>73% de nos répondants sont des indépendants, des professions libérales, des chefs d'entreprises ou des personnes souhaitant le devenir. Ceci correspond au cœur de cible que nous souhaitions toucher.</li>
<li>les services de coworking plébiscités on été la connexion Internet (99% de Oui), l'espace pour téléphoner (81%), l'espace pour recevoir des clients ou des fournisseurs (76%), les services d'impressions/photocopie/scanner/Fax (70%), la possibilité d'avoir une salle de réunion (69%) ou encore un espace détente / coin cuisine (61%). Ceci nous montre qu'il faudra prévoir plusieurs espaces différenciés compte tenu des besoins variés. D'autres services comme le vidéo projecteur (54%) ou la consigne fermée (55%) emportent l'adhésion d'une majorité de répondants.</li>
<li>Dans les services annexes les réponses sont plus mitigées. Quelques services intéressent à peu près la moitié des répondants comme les conseils juridiques et financiers (51%), les sauvegardes informatiques (51%), l'assistance informatique (49%) les formations (48%) ou encore la domiciliation postale (48%).</li>
<li>Regardons maintenant les motivations des répondants pour rejoindre un espace coworking. Les motivations rejoignent quelques part les services et les espaces souhaités : 86% souhaitent pourvoir travailler dans une ambiance conviviale et 82 % seuls !</li>
<li>En dehors de l'offre coworking à proprement parlé, les répondants sont aussi friands de manifestations : 73% pour les ateliers et conférences participatives, 69 % pour les conférences, 67 % pour les petits déjeuners de travail ou d'information. En revanche, les expositions intéressent moins (42%).</li>
<li>L'organisation pratique de l'espace : En ce qui concerne les horaires 86 % souhaitent des horaires élargis par rapport aux horaires normaux de bureau ou encore un accès tout le temps en semaine ou tous les jours. Cela ne va pas sans conséquences en termes d'organisation. Concernant l'engagement des participants on peut compter environ sur une vingtaine de personnes souhaitant un forfait résidents et prêt à mettre plus de 100 € par mois (à savoir si ce sont les mêmes personnes ?</li>
<li>Enfin le lieu choisi est clairement Lorient Centre (74%) à la rigueur Lorient Sud (63%) avec une préférence pour la voiture pour les déplacements (46% Des réponses et 85% des répondants). A ce niveau il faudrait affiner car si nous voulons être dans le centre et venir en voiture cela ne va pas sans quelques difficultés au niveau du stationnement !</li>
<li>Faites vous votre propre avis de votre côté en étudiant les résultats <a href="http://networking-morbihan.com/wp-content/uploads/2014/10/Sondage-COWORKING-LORIENT.pdf" target="_blank">Sondage COWORKING LORIENT</a> et laissez vos remarques en commentaires</li>
</ul>]]></content:encoded>
		<excerpt:encoded><![CDATA[]]></excerpt:encoded>
		<wp:post_id>2716</wp:post_id>
		<wp:post_date><![CDATA[2013-04-18 13:09:54]]></wp:post_date>
		<wp:post_date_gmt><![CDATA[2013-04-18 13:09:54]]></wp:post_date_gmt>
		<wp:comment_status><![CDATA[open]]></wp:comment_status>
		<wp:ping_status><![CDATA[open]]></wp:ping_status>
		<wp:post_name><![CDATA[premiers-resultats-de-lenquete-coworking-lorient]]></wp:post_name>
		<wp:status><![CDATA[publish]]></wp:status>
		<wp:post_parent>0</wp:post_parent>
		<wp:menu_order>0</wp:menu_order>
		<wp:post_type><![CDATA[post]]></wp:post_type>
		<wp:post_password><![CDATA[]]></wp:post_password>
		<wp:is_sticky>0</wp:is_sticky>
		<category domain="category" nicename="networking-cotravail"><![CDATA[Networking Cotravail]]></category>
		<wp:postmeta>
			<wp:meta_key><![CDATA[_jsps_metabox_hide_buttons]]></wp:meta_key>
			<wp:meta_value><![CDATA[off]]></wp:meta_value>
		</wp:postmeta>
		<wp:postmeta>
			<wp:meta_key><![CDATA[_thumbnail_id]]></wp:meta_key>
			<wp:meta_value><![CDATA[656]]></wp:meta_value>
		</wp:postmeta>
		<wp:postmeta>
			<wp:meta_key><![CDATA[_edit_last]]></wp:meta_key>
			<wp:meta_value><![CDATA[6]]></wp:meta_value>
		</wp:postmeta>
	</item>
	<item>
		<title>Une incitation gouvernementale pour développer le coworking et le crowdfunding ?</title>
		<link>https://www.networking-morbihan.com/une-incitation-gouvernementale-pour-developper-le-coworking-et-le-crowdfunding</link>
		<pubDate>Fri, 28 Jun 2013 13:18:38 +0000</pubDate>
		<dc:creator><![CDATA[ALEOS2i]]></dc:creator>
		<guid isPermaLink="false">http://networking-morbihan.com/?p=2721</guid>
		<description></description>
		<content:encoded><![CDATA[<p>Un article du Monde Informatique sur le sujet ( voir <a title="ICI" href="http://www.lemondeinformatique.fr/actualites/lire-fleur-pellerin-veut-favoriser-le-co-working-et-le-crowdfunding-54157.html?utm_source=mail&amp;utm_medium=email&amp;utm_campaign=Newsletter">ICI</a> ) : <strong>Le gouvernement veut favoriser le co-working et le crowdfunding</strong> La ministre déléguée aux PME, à l’innovation et à l’Economie numérique veut « polliniser » la France avec des fablabs. Les « fablabs » abréviation de l’anglais fabrication laboratory, ou ateliers de fabrication numérique sont des lieux ouverts, disposant de terminaux et accessibles à des entrepreneurs et des développeurs. Ils permettent de développer l’économie participative. Et c’est devenu l’un des chevaux de bataille de Fleur Pellerin, ministre déléguée aux PME, à l’Innovation et à l’Economie numérique, qui veut favoriser le co-working et le crowdfunding, deux aspects de l’économie numérique participative. Mais toute l’économie participative, qu’elle soit numérique ou pas, génère du numérique, le co-voiturage par exemple a nécessité des applications spécialisées. La Fondation Fing a récemment élaboré un rapport sur le sujet, balayant diverses expériences dans le monde. Une communauté s’est formée sur ce thème, OuiShare, elle a organisé un sommet à Paris le 26 mai dernier. La ministre déléguée veut s’en inspirer. Elle a réuni mardi une centaine de chefs d’entreprise à Bercy, c’était le Bercy Jam ! Fleur Pellerin veut développer ces fablabs sur tout le territoire, le « polliniser » selon son expression afin que l’esprit d’entreprise et celui des développeurs se rencontre. Un appel à projets est en cours, il permettra de financer l’implantation de dix fablabs d’ici fin 2013. L’objectif de Fleur Pellerin est que des fablabs soient présents partout en France dans les trois ans à venir.  </p>]]></content:encoded>
		<excerpt:encoded><![CDATA[]]></excerpt:encoded>
		<wp:post_id>2721</wp:post_id>
		<wp:post_date><![CDATA[2013-06-28 13:18:38]]></wp:post_date>
		<wp:post_date_gmt><![CDATA[2013-06-28 13:18:38]]></wp:post_date_gmt>
		<wp:comment_status><![CDATA[open]]></wp:comment_status>
		<wp:ping_status><![CDATA[open]]></wp:ping_status>
		<wp:post_name><![CDATA[une-incitation-gouvernementale-pour-developper-le-coworking-et-le-crowdfunding]]></wp:post_name>
		<wp:status><![CDATA[publish]]></wp:status>
		<wp:post_parent>0</wp:post_parent>
		<wp:menu_order>0</wp:menu_order>
		<wp:post_type><![CDATA[post]]></wp:post_type>
		<wp:post_password><![CDATA[]]></wp:post_password>
		<wp:is_sticky>0</wp:is_sticky>
		<category domain="category" nicename="networking-cotravail"><![CDATA[Networking Cotravail]]></category>
		<wp:postmeta>
			<wp:meta_key><![CDATA[_jsps_metabox_hide_buttons]]></wp:meta_key>
			<wp:meta_value><![CDATA[off]]></wp:meta_value>
		</wp:postmeta>
		<wp:postmeta>
			<wp:meta_key><![CDATA[_thumbnail_id]]></wp:meta_key>
			<wp:meta_value><![CDATA[656]]></wp:meta_value>
		</wp:postmeta>
		<wp:postmeta>
			<wp:meta_key><![CDATA[_edit_last]]></wp:meta_key>
			<wp:meta_value><![CDATA[6]]></wp:meta_value>
		</wp:postmeta>
		<wp:postmeta>
			<wp:meta_key><![CDATA[_jsps_metabox_hide_buttons]]></wp:meta_key>
			<wp:meta_value><![CDATA[off]]></wp:meta_value>
		</wp:postmeta>
		<wp:postmeta>
			<wp:meta_key><![CDATA[_thumbnail_id]]></wp:meta_key>
			<wp:meta_value><![CDATA[656]]></wp:meta_value>
		</wp:postmeta>
		<wp:postmeta>
			<wp:meta_key><![CDATA[_edit_last]]></wp:meta_key>
			<wp:meta_value><![CDATA[6]]></wp:meta_value>
		</wp:postmeta>
	</item>
	<item>
		<title>Un espace de travail mutualisé à Ploemeur, au sein de la Pépinière d’Entreprises</title>
		<link>https://www.networking-morbihan.com/un-espace-de-travail-mutualise-a-ploemeur-au-sein-de-la-pepiniere-dentreprises</link>
		<pubDate>Fri, 22 Nov 2013 13:26:30 +0000</pubDate>
		<dc:creator><![CDATA[ALEOS2i]]></dc:creator>
		<guid isPermaLink="false">http://networking-morbihan.com/?p=2723</guid>
		<description></description>
		<content:encoded><![CDATA[<h3>Communiqué de CREA SA :</h3>
<p style="text-align: center;"><a href="http://www.sa-crea.com/" target="_blank"><img class="aligncenter size-full wp-image-2724" alt="logo" src="http://networking-morbihan.com/wp-content/uploads/2014/10/logo.png" width="227" height="70" /></a></p>
<p>Dans le cadre d’une nouvelle offre de services et pour répondre à des besoins naissants de nouvelles méthodes de travail, la pépinière d’entreprises (CREA SA) ouvre dès le début 2014, un espace mutualisé de travail (coworking) sur un plateau de 120 m² équipé d’une douzaine de postes de travail et d’accès internet wifi. Situé au cœur du Parc Technologique de Soye à Ploemeur, cet espace de travail mutualisé permettra aux utilisateurs de travailler bien sûr mais aussi d’échanger, de partager des expériences et peut-être même travailler en partenariat. Des casiers individuels, un espace détente seront mis à disposition des coworkers en sus des services déjà mis en place au sein de l’Espace Créa tels que la mise à disposition d’une salle de réunion équipée, un espace kitchenette pour déjeuner sur place le midi, l’expédition du courrier, des services de reprographie, fax, l’accueil de clients/fournisseurs, un service domiciliation… L’accès à cet espace se fera sur demande et plusieurs abonnements seront possibles selon les besoins (mensuel -170 € HT-, journalier -10 € HT-, par carnet de 10 journées -80 € HT-, à la ½ journée -5 € HT-). Pour toute demande, un numéro le 02 97 37 83 06 ou par mail <a href="mailto:y.livory@audelor.com">y.livory@audelor.com</a> ou <a href="mailto:sacrea@parc-technologique.com">sacrea@parc-technologique.com</a> CREA SA Parc Technologique de Soye – 15 rue Galilée 56270 Ploemeur</p>]]></content:encoded>
		<excerpt:encoded><![CDATA[]]></excerpt:encoded>
		<wp:post_id>2723</wp:post_id>
		<wp:post_date><![CDATA[2013-11-22 13:26:30]]></wp:post_date>
		<wp:post_date_gmt><![CDATA[2013-11-22 13:26:30]]></wp:post_date_gmt>
		<wp:comment_status><![CDATA[open]]></wp:comment_status>
		<wp:ping_status><![CDATA[open]]></wp:ping_status>
		<wp:post_name><![CDATA[un-espace-de-travail-mutualise-a-ploemeur-au-sein-de-la-pepiniere-dentreprises]]></wp:post_name>
		<wp:status><![CDATA[publish]]></wp:status>
		<wp:post_parent>0</wp:post_parent>
		<wp:menu_order>0</wp:menu_order>
		<wp:post_type><![CDATA[post]]></wp:post_type>
		<wp:post_password><![CDATA[]]></wp:post_password>
		<wp:is_sticky>0</wp:is_sticky>
		<category domain="category" nicename="networking-cotravail"><![CDATA[Networking Cotravail]]></category>
		<wp:postmeta>
			<wp:meta_key><![CDATA[_edit_last]]></wp:meta_key>
			<wp:meta_value><![CDATA[6]]></wp:meta_value>
		</wp:postmeta>
		<wp:postmeta>
			<wp:meta_key><![CDATA[_edit_last]]></wp:meta_key>
			<wp:meta_value><![CDATA[6]]></wp:meta_value>
		</wp:postmeta>
	</item>
</channel>
</rss>
