<?xml version="1.0" encoding="UTF-8" ?>
<!-- This is a WordPress eXtended RSS file generated by WordPress as an export of your site. -->
<!-- It contains information about your site's posts, pages, comments, categories, and other content. -->
<!-- You may use this file to transfer that content from one site to another. -->
<!-- This file is not intended to serve as a complete backup of your site. -->

<!-- To import this information into a WordPress site follow these steps: -->
<!-- 1. Log in to that site as an administrator. -->
<!-- 2. Go to Tools: Import in the WordPress admin panel. -->
<!-- 3. Install the "WordPress" importer from the list. -->
<!-- 4. Activate & Run Importer. -->
<!-- 5. Upload this file using the form provided on that page. -->
<!-- 6. You will first be asked to map the authors in this export file to users -->
<!--    on the site. For each author, you may choose to map to an -->
<!--    existing user on the site or to create a new user. -->
<!-- 7. WordPress will then import each of the posts, pages, comments, categories, etc. -->
<!--    contained in this file into your site. -->

<!-- generator="WordPress/4.9.5" created="2019-01-02 14:57" -->
<rss version="2.0"
	xmlns:excerpt="http://wordpress.org/export/1.2/excerpt/"
	xmlns:content="http://purl.org/rss/1.0/modules/content/"
	xmlns:wfw="http://wellformedweb.org/CommentAPI/"
	xmlns:dc="http://purl.org/dc/elements/1.1/"
	xmlns:wp="http://wordpress.org/export/1.2/"
>

<channel>
	<title>Networking Morbihan</title>
	<link>https://www.networking-morbihan.com</link>
	<description>Faite vous des contacts dans le morbihan</description>
	<pubDate>Wed, 02 Jan 2019 14:57:55 +0000</pubDate>
	<language>fr-FR</language>
	<wp:wxr_version>1.2</wp:wxr_version>
	<wp:base_site_url>https://www.networking-morbihan.com</wp:base_site_url>
	<wp:base_blog_url>https://www.networking-morbihan.com</wp:base_blog_url>

	<wp:author><wp:author_id>8</wp:author_id><wp:author_login><![CDATA[sebastien]]></wp:author_login><wp:author_email><![CDATA[contact@designsgenius.com]]></wp:author_email><wp:author_display_name><![CDATA[sebastien]]></wp:author_display_name><wp:author_first_name><![CDATA[Seb]]></wp:author_first_name><wp:author_last_name><![CDATA[Lopez]]></wp:author_last_name></wp:author>
	<wp:author><wp:author_id>4</wp:author_id><wp:author_login><![CDATA[fab56]]></wp:author_login><wp:author_email><![CDATA[fabrice@le-fab-lab.com]]></wp:author_email><wp:author_display_name><![CDATA[fab56]]></wp:author_display_name><wp:author_first_name><![CDATA[Fabrice]]></wp:author_first_name><wp:author_last_name><![CDATA[PENHOËT]]></wp:author_last_name></wp:author>
	<wp:author><wp:author_id>5</wp:author_id><wp:author_login><![CDATA[prouarch]]></wp:author_login><wp:author_email><![CDATA[prouarch@gmail.com]]></wp:author_email><wp:author_display_name><![CDATA[prouarch]]></wp:author_display_name><wp:author_first_name><![CDATA[Pierre]]></wp:author_first_name><wp:author_last_name><![CDATA[Rouarch]]></wp:author_last_name></wp:author>
	<wp:author><wp:author_id>11</wp:author_id><wp:author_login><![CDATA[SylvieD]]></wp:author_login><wp:author_email><![CDATA[sylvie.delanoy@bbox.fr]]></wp:author_email><wp:author_display_name><![CDATA[SylvieD]]></wp:author_display_name><wp:author_first_name><![CDATA[]]></wp:author_first_name><wp:author_last_name><![CDATA[]]></wp:author_last_name></wp:author>
	<wp:author><wp:author_id>6</wp:author_id><wp:author_login><![CDATA[ALEOS2i]]></wp:author_login><wp:author_email><![CDATA[alain.le-sant@aleos2i.fr]]></wp:author_email><wp:author_display_name><![CDATA[Alain LE SANT - ALEOS2i]]></wp:author_display_name><wp:author_first_name><![CDATA[Alain LE SANT]]></wp:author_first_name><wp:author_last_name><![CDATA[- ALEOS2i]]></wp:author_last_name></wp:author>

	<wp:category>
		<wp:term_id>9</wp:term_id>
		<wp:category_nicename><![CDATA[blog]]></wp:category_nicename>
		<wp:category_parent><![CDATA[]]></wp:category_parent>
		<wp:cat_name><![CDATA[Actualités]]></wp:cat_name>
	</wp:category>

	<generator>https://wordpress.org/?v=4.9.5</generator>

<image>
	<url>https://www.networking-morbihan.com/wp-content/uploads/2017/09/cropped-picot-nw56-32x32.png</url>
	<title>Networking Morbihan</title>
	<link>https://www.networking-morbihan.com</link>
	<width>32</width>
	<height>32</height>
</image> 

	<item>
		<title>Lancement du site Networking Morbihan, enfin...</title>
		<link>https://www.networking-morbihan.com/lancement-du-site-networking-morbihan-enfin</link>
		<pubDate>Mon, 20 Jun 2011 22:39:02 +0000</pubDate>
		<dc:creator><![CDATA[sebastien]]></dc:creator>
		<guid isPermaLink="false">http://networking-morbihan.com/?p=445</guid>
		<description></description>
		<content:encoded><![CDATA[<img class="size-full wp-image-446 alignleft" title="lancement" src="http://networking-morbihan.com/wp-content/uploads/2011/06/lancement.jpg" alt="" width="590" height="257" />

Ca y est, nous avons enfin un nouveau site!!!
Après notre communauté sur Viadeo qui ne cesse de grandir ( <em>déjà 109 membres à l'heure ou je vous parle</em>) et la prolifération de la communauté sur Facebook et Twitter, nous somme fiers de vous présenter notre site web !]]></content:encoded>
		<excerpt:encoded><![CDATA[]]></excerpt:encoded>
		<wp:post_id>445</wp:post_id>
		<wp:post_date><![CDATA[2011-06-20 22:39:02]]></wp:post_date>
		<wp:post_date_gmt><![CDATA[2011-06-20 22:39:02]]></wp:post_date_gmt>
		<wp:comment_status><![CDATA[open]]></wp:comment_status>
		<wp:ping_status><![CDATA[open]]></wp:ping_status>
		<wp:post_name><![CDATA[lancement-du-site-networking-morbihan-enfin]]></wp:post_name>
		<wp:status><![CDATA[publish]]></wp:status>
		<wp:post_parent>0</wp:post_parent>
		<wp:menu_order>0</wp:menu_order>
		<wp:post_type><![CDATA[post]]></wp:post_type>
		<wp:post_password><![CDATA[]]></wp:post_password>
		<wp:is_sticky>0</wp:is_sticky>
		<category domain="category" nicename="blog"><![CDATA[Actualités]]></category>
		<category domain="post_tag" nicename="blog-2"><![CDATA[blog]]></category>
		<category domain="post_tag" nicename="reseaux"><![CDATA[réseaux]]></category>
		<category domain="post_tag" nicename="viadeo"><![CDATA[viadeo]]></category>
		<wp:postmeta>
			<wp:meta_key><![CDATA[_edit_last]]></wp:meta_key>
			<wp:meta_value><![CDATA[1]]></wp:meta_value>
		</wp:postmeta>
	</item>
	<item>
		<title>Compte rendu Networking apéro du 15 février</title>
		<link>https://www.networking-morbihan.com/compte-rendu-networking-apero-du-15-fevrier</link>
		<pubDate>Mon, 20 Jun 2011 15:30:09 +0000</pubDate>
		<dc:creator><![CDATA[sebastien]]></dc:creator>
		<guid isPermaLink="false">http://networking-morbihan.com/?p=472</guid>
		<description></description>
		<content:encoded><![CDATA[<img class="alignleft size-full wp-image-475" title="3" src="http://networking-morbihan.com/wp-content/uploads/2011/06/3.jpg" alt="" width="590" height="176" />

Mardi 15 février, La Base, 19h jusque encore bien tard <em>(voilà ce qui se passe quand on passe un bon moment et qu'on regarde l'heure sur une pendule "fixe" !!)</em>.

Pour les prochaines rencontres, nous vous proposons d'un commun accord de prolonger l'apéro par un diner, pour ceux qui le souhaitent et le peuvent bien évidemment.
<ul>
	<li>Nous étions 6 personnes de plus que pour notre 1er apéro !
Il faut continuer à promouvoir le réseau pour avoir plus d'adhérents et monter en puissance. Nous comptons sur la bonne volonté de tous à faire venir du monde, surtout si vous avez passé un bon moment !
Merci à <a href="http://www.viadeo.com/fr/profile/benedicte.kerlo">Bénédicte Kerlo</a>, Eric Marinello, les 2 Sébastien (<a title="sebastien lopez" href="http://sebastienlopez.fr" target="_blank">Lopez</a> et <a title="seb Barraud" href="http://www.seb-barraud.com/" target="_blank">Barraud</a>), Sophie Thierry et <a title="Regis Guyon" href="http://www.viadeo.com/fr/profile/regis.guyon" target="_blank">Régis Guyon</a> d'avoir trinqué avec nous.
Pour ne pas passer toute la soirée à se présenter nous avons demander à ces nouvelles personnes seulement de le faire en nous précisant leurs attentes et/besoins vis à vis du réseau.</li>
	<li>Il ressort que pour beaucoup d'entre nous, nous sommes en phase de démarrage d'activité et nous ne faisons pas partie d'autres réseaux (beaucoup sont également depuis peu sur Lorient et sa région).
L'envie de sortir d'un certain isolement, de se soutenir et d'aborder des problématiques communes sont les motivations qui reviennent le plus souvent (personnes n'a osé dire "décompresser et passer un bon moment autour d'un verre" mais c'est aussi une motivation très sérieuse pour venir à ces apéros, non ?!)</li>
	<li>Rappel : merci de vous présenter sur <a title="Hub Viadeo" href="http://www.viadeo.com/groups/?containerId=002ei9xxax09ut9" target="_blank">le hub Viadeo</a> dans la rubrique prévu à cet effet afin de faciliter la mise en relation et les échanges pendant et hors des apéros.
<strong>Pas de networking sans se connaître les uns les autres !</strong>
Un message sera adressé aux membres personnellement en ce sens.</li>
	<li>Echanges sur notre identité visuelle, notamment au travers des projets de Anne (i sea com) et de Sébastien (Seb Barraud). Merci encore à eux pour leur créativité et réactivité !</li>
	<li>Changement de lieu de ralliement en prévision : nous avons malheureusement souffert du bruit qui couvrait nos voix et rendait l'atmosphère un peu "fatigante" (qu'en sera-t-il quand nous serons 50 ?!). Gaël et moi-même nous mettons en quête pour "négocier" un nouvel endroit tout aussi convivial et pratique.</li>
</ul>
Nous souhaiterions travailler sur un document de communication présentant le réseau. Toute aide serait la bienvenue sur le fond et la forme, merci !

Je crois que j'ai fait le tour mais j'invite qui le souhaite à ajouter son commentaire. Sachant qu'un compte-rendu ne pourra jamais traduire la bonne humeur, l'esprit de partage et tous les échanges enrichissants de la soirée, alors venez voir par vous-même !

Notez dans vos agendas : notre <strong>prochain apéro est prévu le 15 mars</strong>, l'inscription se fera via la création d'un évènement, surveillez les posts.]]></content:encoded>
		<excerpt:encoded><![CDATA[]]></excerpt:encoded>
		<wp:post_id>472</wp:post_id>
		<wp:post_date><![CDATA[2011-06-20 15:30:09]]></wp:post_date>
		<wp:post_date_gmt><![CDATA[2011-06-20 15:30:09]]></wp:post_date_gmt>
		<wp:comment_status><![CDATA[open]]></wp:comment_status>
		<wp:ping_status><![CDATA[open]]></wp:ping_status>
		<wp:post_name><![CDATA[compte-rendu-networking-apero-du-15-fevrier]]></wp:post_name>
		<wp:status><![CDATA[publish]]></wp:status>
		<wp:post_parent>0</wp:post_parent>
		<wp:menu_order>0</wp:menu_order>
		<wp:post_type><![CDATA[post]]></wp:post_type>
		<wp:post_password><![CDATA[]]></wp:post_password>
		<wp:is_sticky>0</wp:is_sticky>
		<category domain="category" nicename="blog"><![CDATA[Actualités]]></category>
		<category domain="category" nicename="networking-apero"><![CDATA[Networking apéro]]></category>
		<wp:postmeta>
			<wp:meta_key><![CDATA[_edit_last]]></wp:meta_key>
			<wp:meta_value><![CDATA[1]]></wp:meta_value>
		</wp:postmeta>
	</item>
	<item>
		<title>Compte rendu NetWorking Apéro du 15 mars 2011</title>
		<link>https://www.networking-morbihan.com/compte-rendu-networking-apero-du-15-mars-2011</link>
		<pubDate>Mon, 20 Jun 2011 16:27:55 +0000</pubDate>
		<dc:creator><![CDATA[sebastien]]></dc:creator>
		<guid isPermaLink="false">http://networking-morbihan.com/?p=482</guid>
		<description></description>
		<content:encoded><![CDATA[<img class="alignnone size-full wp-image-484" title="5" src="http://networking-morbihan.com/wp-content/uploads/2011/06/5.jpg" alt="" width="590" height="176" />

Nouvelle rencontre du réseau ce mardi soir 15.03 à La Base à Lorient. Merci de votre présence.

Pour  cette 3ème rencontre, nous avons doublé le nombre de participants par  rapport à notre 1er apéro, pour une soirée conviviale et informelle qui  s’est prolongée par un repas sur place pour certains d’entre nous.

Même  si l’endroit n’est pas parfait pour pouvoir échanger de façon pratique  et communicative au regard du nombre de participants et de la  configuration du lieu, cette rencontre a permis d’atteindre les premiers  objectifs du réseau : rompre l’isolement, s’entraider par des conseils  et retours d’expériences sur des problématiques communes, faire du «  business » pour certains, et aussi prendre un peu de temps pour se  détendre et passer un bon moment !

La prochaine rencontre  devrait avoir lieu dans un endroit plus adapté (<em>en cours de recherche</em>) :  de nouvelles ‘pistes’ de lieux possibles ont été notées : merci à  Morgane (CCI) et M. Delayre (ARCAM) pour les informations.

N’oubliez  pas de poster - si ce n’est déjà fait - une présentation de votre  activité dans la rubrique du Hub : « Pas de networking ‘IRL’ sans se  connaître les uns les autres ! ».

Si l’ambiance et le principe  d’une telle rencontre vous satisfont, n’hésitez pas à le faire savoir  autour de vous pour augmenter le ‘cercle’ du réseau.

La date du  prochain « NetWorking Morbihan Apéro » du mois d’avril vous sera  communiquée bientôt, à suivre via les messages <a title="Message Video" href="http://www.viadeo.com/hub/forums/detaildiscussion/?containerId=002ei9xxax09ut9&amp;forumId=002uisfg661ichq&amp;action=messageDetail&amp;messageId=002quddknlcq2uy" target="_blank">VIADEO</a>.]]></content:encoded>
		<excerpt:encoded><![CDATA[]]></excerpt:encoded>
		<wp:post_id>482</wp:post_id>
		<wp:post_date><![CDATA[2011-06-20 16:27:55]]></wp:post_date>
		<wp:post_date_gmt><![CDATA[2011-06-20 16:27:55]]></wp:post_date_gmt>
		<wp:comment_status><![CDATA[open]]></wp:comment_status>
		<wp:ping_status><![CDATA[open]]></wp:ping_status>
		<wp:post_name><![CDATA[compte-rendu-networking-apero-du-15-mars-2011]]></wp:post_name>
		<wp:status><![CDATA[publish]]></wp:status>
		<wp:post_parent>0</wp:post_parent>
		<wp:menu_order>0</wp:menu_order>
		<wp:post_type><![CDATA[post]]></wp:post_type>
		<wp:post_password><![CDATA[]]></wp:post_password>
		<wp:is_sticky>0</wp:is_sticky>
		<category domain="category" nicename="blog"><![CDATA[Actualités]]></category>
		<category domain="category" nicename="networking-apero"><![CDATA[Networking apéro]]></category>
		<wp:postmeta>
			<wp:meta_key><![CDATA[_edit_last]]></wp:meta_key>
			<wp:meta_value><![CDATA[1]]></wp:meta_value>
		</wp:postmeta>
	</item>
	<item>
		<title>Soirée exceptionnelle NetWorking Morbihan du 14 juin</title>
		<link>https://www.networking-morbihan.com/soiree-exceptionnelle-networking-morbihan-du-14-juin</link>
		<pubDate>Mon, 20 Jun 2011 20:37:12 +0000</pubDate>
		<dc:creator><![CDATA[sebastien]]></dc:creator>
		<guid isPermaLink="false">http://networking-morbihan.com/?p=498</guid>
		<description></description>
		<content:encoded><![CDATA[<p>Mardi 14 juin, venez à la rencontre d'acteurs économiques incontournables de la région de Lorient et alentours : participez à notre soirée spéciale et conviviale sur le financement solidaire !</p>
<p>Vous êtes en quête d'une source de financement pour votre activité ? vous aimeriez investir dans une entreprise locale aux valeurs sociales ? vous avez envie d'en savoir plus sur le secteur de l'économie sociale et solidaire ? vous avez un projet de création d'entreprise ? rencontrer et échanger avec des entrepreneurs locaux en toute simplicité vous intéresse ?</p>
<p>Nous vous attendons le mardi 14 juin 2011 pour une soirée spéciale Networking Morbihan en partenariat avec les clubs Cigales*, C2SOL** et les "Appreneuriales"*** de l'UBS :</p>
<p>"Territoires et solidarités : comment financer votre activité".</p>
<h2>Au programme :</h2>
<ul>
<li>présentation de C2SOL, Networking Morbihan et Les Appreneuriales</li>
<li>intervention du Club des Cigales : principes de création d'un club, modalités de fonctionnement et financement, exemples</li>
<li>échanges / témoignages</li>
<li>apéritif de clôture</li>
</ul>
<p>Venez nombreux pour cette occasion unique !<br /> <strong>PAF :</strong> 5 euros par personne (<em>à régler sur place</em>)</p>
<p>A la suite de la soirée, si vous le souhaitez, vous pourrez nous suivre au restaurant pour poursuivre les échanges (merci de nous mentionner votre intention de diner avec nous par mail à contact@renh.fr avant le 9 juin 2011)</p>
<p>*Les clubs CIGALES sont des structures de capital risque solidaire mobilisant l'épargne de ses membres au service de la création et du développement de petites entreprises locales et collectives</p>
<p>**C2SOL : collectif d'acteurs de l'Economie Sociale et Solidaire oeuvrant sur le territoire du Pays de Lorient. Ce réseau, associant structures et individus, vise avant tout à mutualiser les apports de chacun, dans le but de promouvoir l'économie sociale et solidaire et de valoriser sa représentativité.</p>
<p>***Les Appreneuriales est un projet ayant pour objet d'améliorer par l'alternance l'insertion professionnelle des étudiants en Lettres Modernes</p>
<h2>Adresse</h2>
<p>UBS - Bâtiment Sciences (amphi 1)<br /> rue le Coat Saint Naouen<br /> 56100 Lorient</p>
<p>[wpgmappity id="5"]</p>
<p><img class="alignleft size-full wp-image-502" title="cigales" src="http://networking-morbihan.com/wp-content/uploads/2011/06/cigales.jpg" alt="" width="595" height="833" /></p>
<h2><a name='video'></a>Vous n'étiez pas là ?!? voici les intervenants en vidéo:</h2>
<p><b>Présentation de Networking Morbihan</b></p>
<p><iframe src="http://player.vimeo.com/video/28933913?title=0&amp;byline=0&amp;portrait=0" frameborder="0" width="100%" height="300"></iframe></p>
<p><b>Présentation de C2SOL</b></p>
<p><iframe src="http://player.vimeo.com/video/29031068?title=0&amp;byline=0&amp;portrait=0" frameborder="0" width="100%" height="300"></iframe></p>
<p><b>Présentation des Clubs des Cigales (en 2 parties)</b></p>
<p><iframe src="http://player.vimeo.com/video/29835368?title=0&amp;byline=0&amp;portrait=0" frameborder="0" width="100%" height="300"></iframe></p>
<p><iframe src="http://player.vimeo.com/video/29837810?title=0&amp;byline=0&amp;portrait=0" frameborder="0" width="100%" height="300"></iframe></p>
]]></content:encoded>
		<excerpt:encoded><![CDATA[]]></excerpt:encoded>
		<wp:post_id>498</wp:post_id>
		<wp:post_date><![CDATA[2011-06-20 20:37:12]]></wp:post_date>
		<wp:post_date_gmt><![CDATA[2011-06-20 20:37:12]]></wp:post_date_gmt>
		<wp:comment_status><![CDATA[open]]></wp:comment_status>
		<wp:ping_status><![CDATA[open]]></wp:ping_status>
		<wp:post_name><![CDATA[soiree-exceptionnelle-networking-morbihan-du-14-juin]]></wp:post_name>
		<wp:status><![CDATA[publish]]></wp:status>
		<wp:post_parent>0</wp:post_parent>
		<wp:menu_order>0</wp:menu_order>
		<wp:post_type><![CDATA[post]]></wp:post_type>
		<wp:post_password><![CDATA[]]></wp:post_password>
		<wp:is_sticky>0</wp:is_sticky>
		<category domain="category" nicename="blog"><![CDATA[Actualités]]></category>
		<category domain="category" nicename="networking-apero"><![CDATA[Networking apéro]]></category>
		<wp:postmeta>
			<wp:meta_key><![CDATA[_edit_last]]></wp:meta_key>
			<wp:meta_value><![CDATA[4]]></wp:meta_value>
		</wp:postmeta>
		<wp:postmeta>
			<wp:meta_key><![CDATA[_edit_last]]></wp:meta_key>
			<wp:meta_value><![CDATA[4]]></wp:meta_value>
		</wp:postmeta>
	</item>
	<item>
		<title>Votre avis nous intéresse !</title>
		<link>https://www.networking-morbihan.com/sondage</link>
		<pubDate>Thu, 06 Oct 2011 12:54:33 +0000</pubDate>
		<dc:creator><![CDATA[sebastien]]></dc:creator>
		<guid isPermaLink="false">http://networking-morbihan.com/?p=722</guid>
		<description></description>
		<content:encoded><![CDATA[<p><img class="aligncenter size-full wp-image-737" title="vote" src="http://networking-morbihan.com/wp-content/uploads/2011/10/vote.jpg" alt="" width="590" height="133" /></p>
<p>Tous les deuxièmes mardis du mois, NetWorking Morbihan organise les soirées NetWorking Apéros au cours desquelles sont organisés des conférences, tables rondes, ateliers sur des sujets variés.</p>
<p>Dans un but participatif nous souhaitons recueillir votre opinion concernant les sujets à aborder durant nos prochaines soirées.</p>
<p>Votre avis nous intéresse donc merci de <a href='http://goo.gl/6jEY6 ' target='_blank'>répondre à notre questionnaire</a> au plus tard le 28 octobre.</p>
]]></content:encoded>
		<excerpt:encoded><![CDATA[]]></excerpt:encoded>
		<wp:post_id>722</wp:post_id>
		<wp:post_date><![CDATA[2011-10-06 12:54:33]]></wp:post_date>
		<wp:post_date_gmt><![CDATA[2011-10-06 12:54:33]]></wp:post_date_gmt>
		<wp:comment_status><![CDATA[open]]></wp:comment_status>
		<wp:ping_status><![CDATA[open]]></wp:ping_status>
		<wp:post_name><![CDATA[sondage]]></wp:post_name>
		<wp:status><![CDATA[publish]]></wp:status>
		<wp:post_parent>0</wp:post_parent>
		<wp:menu_order>0</wp:menu_order>
		<wp:post_type><![CDATA[post]]></wp:post_type>
		<wp:post_password><![CDATA[]]></wp:post_password>
		<wp:is_sticky>0</wp:is_sticky>
		<category domain="category" nicename="blog"><![CDATA[Actualités]]></category>
		<wp:postmeta>
			<wp:meta_key><![CDATA[_edit_last]]></wp:meta_key>
			<wp:meta_value><![CDATA[4]]></wp:meta_value>
		</wp:postmeta>
		<wp:postmeta>
			<wp:meta_key><![CDATA[_edit_last]]></wp:meta_key>
			<wp:meta_value><![CDATA[4]]></wp:meta_value>
		</wp:postmeta>
		<wp:postmeta>
			<wp:meta_key><![CDATA[_genesis_title]]></wp:meta_key>
			<wp:meta_value><![CDATA[Sondage NetWorking Morbihan]]></wp:meta_value>
		</wp:postmeta>
		<wp:postmeta>
			<wp:meta_key><![CDATA[_genesis_description]]></wp:meta_key>
			<wp:meta_value><![CDATA[Questionnaire NetWorking Morbihan : donnez votre avis concernant les sujets abordés durant nos prochaines soirées.]]></wp:meta_value>
		</wp:postmeta>
		<wp:postmeta>
			<wp:meta_key><![CDATA[_genesis_title]]></wp:meta_key>
			<wp:meta_value><![CDATA[Sondage NetWorking Morbihan]]></wp:meta_value>
		</wp:postmeta>
		<wp:postmeta>
			<wp:meta_key><![CDATA[_genesis_description]]></wp:meta_key>
			<wp:meta_value><![CDATA[Questionnaire NetWorking Morbihan : donnez votre avis concernant les sujets abordés durant nos prochaines soirées.]]></wp:meta_value>
		</wp:postmeta>
	</item>
	<item>
		<title>Grande Enquête sur l’opportunité d’un espace Coworking sur Lorient</title>
		<link>https://www.networking-morbihan.com/enquete-coworking</link>
		<pubDate>Tue, 19 Feb 2013 08:59:54 +0000</pubDate>
		<dc:creator><![CDATA[fab56]]></dc:creator>
		<guid isPermaLink="false">http://networking-morbihan.com/?p=1526</guid>
		<description></description>
		<content:encoded><![CDATA[<p style="text-align: center;"> [symple_button color="blue" url="https://docs.google.com/forms/d/1QZjcL3q1325Zdgr-IU94i-EuyyyVHNhbgyW1fKo8tvM/viewform" title="Répondre au sondage" target="blank" border_radius=""]Participez à notre enquête : Cliquez ici[/symple_button]</p>
<p><img class="wp-image-1550 aligncenter" title="morbihan-img" src="http://networking-morbihan.com/wp-content/uploads/2013/02/morbihan-img.jpg" alt="" width="590" height="176" /></p>
<p>[symple_highlight color="yellow"]NETWORKING MORBIHAN invite les acteurs économiques du Pays de Lorient : Chefs d’entreprises, indépendants, salariés, institutionnels … à participer à son enquête en ligne sur l’opportunité de la création d’un espace de Coworking sur le pays de Lorient.[/symple_highlight]</p>
<p>[symple_spacing size="40px"]</p>
<h3> <strong>Qu’est-ce qu’un Espace de Coworking ?</strong></h3>
<p> « Le <strong><em>coworking</em></strong> est un type d’organisation du travail  qui regroupe deux notions : un espace de travail partagé, mais aussi un réseau de travailleurs encourageant l'échange et l'ouverture…</p>
<p>L'idée à l'origine est de permettre aux travailleurs indépendants de ne pas rester isolés chez eux et de pouvoir trouver, dans ce lieu et à travers ce réseau, un espace de socialisation propre à l'entreprise…</p>
<p>Les espaces de <em>coworking</em> existent depuis sept ans. Ces espaces de travail partagé, tiers lieu, entre travail à domicile et travail en entreprise s'étendent rapidement, ils ont pour eux à la fois le confort du travail à domicile et la richesse sociale du travail en entreprise. » <em>(Source : Wikipedia)</em></p>
<h3><strong>Y-a-t-il  un besoin sur Lorient ?</strong></h3>
<p>C’est pour répondre à cette question que nous vous invitons à répondre à cette enquête en ligne. </p>
<p>Afin de permettre à l’ensemble des personnes concernées sur le Pays de Lorient de répondre, cette enquête sera disponible en ligne un mois (jusqu’au 15/03/2013). Les résultats seront analysés par la suite et publiés sur le site dédié à ce projet :  <a href="http://coworking-lorient.com/" target="_blank">http://coworking-lorient.com/</a></p>
<p>N’hésitez pas faire connaître cette enquête auprès de vos contacts afin que nous ayons le plus possible de réponses !</p>
<p style="text-align: center;"> [symple_button color="blue" url="https://docs.google.com/forms/d/1QZjcL3q1325Zdgr-IU94i-EuyyyVHNhbgyW1fKo8tvM/viewform" title="Répondre au sondage" target="blank" border_radius=""]Maintenant à vous de jouer : Cliquez ici[/symple_button]</p>]]></content:encoded>
		<excerpt:encoded><![CDATA[]]></excerpt:encoded>
		<wp:post_id>1526</wp:post_id>
		<wp:post_date><![CDATA[2013-02-19 08:59:54]]></wp:post_date>
		<wp:post_date_gmt><![CDATA[2013-02-19 08:59:54]]></wp:post_date_gmt>
		<wp:comment_status><![CDATA[open]]></wp:comment_status>
		<wp:ping_status><![CDATA[open]]></wp:ping_status>
		<wp:post_name><![CDATA[enquete-coworking]]></wp:post_name>
		<wp:status><![CDATA[publish]]></wp:status>
		<wp:post_parent>0</wp:post_parent>
		<wp:menu_order>0</wp:menu_order>
		<wp:post_type><![CDATA[post]]></wp:post_type>
		<wp:post_password><![CDATA[]]></wp:post_password>
		<wp:is_sticky>0</wp:is_sticky>
		<category domain="category" nicename="blog"><![CDATA[Actualités]]></category>
		<wp:postmeta>
			<wp:meta_key><![CDATA[_edit_last]]></wp:meta_key>
			<wp:meta_value><![CDATA[4]]></wp:meta_value>
		</wp:postmeta>
		<wp:postmeta>
			<wp:meta_key><![CDATA[_genesis_title]]></wp:meta_key>
			<wp:meta_value><![CDATA[Enquête / sondage coworking Lorient]]></wp:meta_value>
		</wp:postmeta>
		<wp:postmeta>
			<wp:meta_key><![CDATA[_thumbnail_id]]></wp:meta_key>
			<wp:meta_value><![CDATA[1550]]></wp:meta_value>
		</wp:postmeta>
		<wp:postmeta>
			<wp:meta_key><![CDATA[_edit_last]]></wp:meta_key>
			<wp:meta_value><![CDATA[4]]></wp:meta_value>
		</wp:postmeta>
		<wp:postmeta>
			<wp:meta_key><![CDATA[_genesis_title]]></wp:meta_key>
			<wp:meta_value><![CDATA[Enquête / sondage coworking Lorient]]></wp:meta_value>
		</wp:postmeta>
		<wp:postmeta>
			<wp:meta_key><![CDATA[_thumbnail_id]]></wp:meta_key>
			<wp:meta_value><![CDATA[1550]]></wp:meta_value>
		</wp:postmeta>
	</item>
	<item>
		<title>NetWorking Morbihan sera au Quai des réseaux 2013.</title>
		<link>https://www.networking-morbihan.com/networking-morbihan-sera-au-quai-des-reseaux-2013</link>
		<pubDate>Mon, 21 Oct 2013 09:43:51 +0000</pubDate>
		<dc:creator><![CDATA[fab56]]></dc:creator>
		<guid isPermaLink="false">http://networking-morbihan.com/?p=2007</guid>
		<description></description>
		<content:encoded><![CDATA[<p>Pour la troisième année, <strong>NetWorking Morbihan</strong> sera présent au <strong>"Quai des réseaux"</strong>, manifestation organisée par la CCI du Morbihan, <strong>le jeudi 7 novembre à partir de 18h30</strong> au Palais des Congrès de Lorient.</p>
<p><img class="alignleft size-full wp-image-2008" alt="Quai des réseaux 2013" src="http://networking-morbihan.com/wp-content/uploads/2013/10/LOGO_QUAI_DES_RESEAUX.jpg" width="591" height="147" /></p>
<p>Comme chaque année, c'est l'occasion pour toute personne intéressée de venir à la rencontre des différents réseaux actifs dans la région qu'ils soient thématiques, transversaux...</p>
<p><strong>N'hésitez pas à passer sur notre stand</strong> pour que nous vous renseignions sur les différentes activités proposées par notre association, nos objectifs, nos prochains événements et projets en cours de réalisation.</p>
<p>La soirée débutera par une conférence de <strong>Pascal GOURSAUD</strong> : <em>"Le partenariat stratégique: s'unir aujourd'hui pour gagner demain",</em> suivie par une table ronde où des chefs d'entreprises bretons viendront témoigner de partenariats inter-entreprises sources de réussite.</p>
<p>A partir de 20H vous pourrez nous retrouver sur notre stand. Nous serons dans la zone dédiée aux "Réseaux Transversaux".</p>
<p><strong>Nous comptons sur votre visite!</strong></p>
<p>Pour vous inscrire à la soirée, utilisez le lien suivant :</p>
<p><a title="Lien inscription" href="http://www.quaidesreseaux56.fr/?mode=soiree-reseaux-inscription" target="_blank"><img class="aligncenter size-full wp-image-2009" alt="Inscription soirée" src="http://networking-morbihan.com/wp-content/uploads/2013/10/INSCRIVEZ-VOUS.jpg" width="120" height="63" /></a></p>
<p>Pierre Rouarch, notre président c'est fait interviewé par TébéSud lors de cette soirée. Voici la vidéo (vers 2'30") :</p>
<p><object type="application/x-shockwave-flash" width="640px" height="380px" data="http://streaming1.extrazimut.net/players/lecteurtytele.swf?video=mp4:20131108_LES_INFOS&lien=%3Fmode=numEmission%26id=52655&titre=%253E%253E%2BLes%2BInfos%2B%252D%2Bvendredi%2B8%2Bnovembre%2B2013"><param name="movie" value="http://streaming1.extrazimut.net/players/lecteurtytele.swf?video=mp4:20131108_LES_INFOS&lien=%3Fmode=numEmission%26id=52655&titre=%253E%253E%2BLes%2BInfos%2B%252D%2Bvendredi%2B8%2Bnovembre%2B2013" /><param name="salign" value="lt" /><param name="allowFullScreen" value="true" /></object></p>
]]></content:encoded>
		<excerpt:encoded><![CDATA[]]></excerpt:encoded>
		<wp:post_id>2007</wp:post_id>
		<wp:post_date><![CDATA[2013-10-21 09:43:51]]></wp:post_date>
		<wp:post_date_gmt><![CDATA[2013-10-21 09:43:51]]></wp:post_date_gmt>
		<wp:comment_status><![CDATA[open]]></wp:comment_status>
		<wp:ping_status><![CDATA[open]]></wp:ping_status>
		<wp:post_name><![CDATA[networking-morbihan-sera-au-quai-des-reseaux-2013]]></wp:post_name>
		<wp:status><![CDATA[publish]]></wp:status>
		<wp:post_parent>0</wp:post_parent>
		<wp:menu_order>0</wp:menu_order>
		<wp:post_type><![CDATA[post]]></wp:post_type>
		<wp:post_password><![CDATA[]]></wp:post_password>
		<wp:is_sticky>0</wp:is_sticky>
		<category domain="category" nicename="blog"><![CDATA[Actualités]]></category>
		<category domain="category" nicename="les-autres-rendez-vous"><![CDATA[Les autres Rendez-vous]]></category>
		<wp:postmeta>
			<wp:meta_key><![CDATA[_edit_last]]></wp:meta_key>
			<wp:meta_value><![CDATA[4]]></wp:meta_value>
		</wp:postmeta>
		<wp:postmeta>
			<wp:meta_key><![CDATA[_thumbnail_id]]></wp:meta_key>
			<wp:meta_value><![CDATA[2008]]></wp:meta_value>
		</wp:postmeta>
		<wp:postmeta>
			<wp:meta_key><![CDATA[_genesis_title]]></wp:meta_key>
			<wp:meta_value><![CDATA[Quai des réseaux 2013]]></wp:meta_value>
		</wp:postmeta>
		<wp:postmeta>
			<wp:meta_key><![CDATA[_genesis_description]]></wp:meta_key>
			<wp:meta_value><![CDATA[Quai des réseaux 2013 : venez rencontrer l&#039;association NetWorking Morbihan le 7 novembre 2013 au Quai des réseaux.]]></wp:meta_value>
		</wp:postmeta>
		<wp:postmeta>
			<wp:meta_key><![CDATA[_edit_last]]></wp:meta_key>
			<wp:meta_value><![CDATA[4]]></wp:meta_value>
		</wp:postmeta>
		<wp:postmeta>
			<wp:meta_key><![CDATA[_thumbnail_id]]></wp:meta_key>
			<wp:meta_value><![CDATA[2008]]></wp:meta_value>
		</wp:postmeta>
		<wp:postmeta>
			<wp:meta_key><![CDATA[_genesis_title]]></wp:meta_key>
			<wp:meta_value><![CDATA[Quai des réseaux 2013]]></wp:meta_value>
		</wp:postmeta>
		<wp:postmeta>
			<wp:meta_key><![CDATA[_genesis_description]]></wp:meta_key>
			<wp:meta_value><![CDATA[Quai des réseaux 2013 : venez rencontrer l&#039;association NetWorking Morbihan le 7 novembre 2013 au Quai des réseaux.]]></wp:meta_value>
		</wp:postmeta>
	</item>
	<item>
		<title>NetWorking Morbihan sera au Quai des Réseaux 2014</title>
		<link>https://www.networking-morbihan.com/networking-morbihan-sera-au-quai-des-reseaux-2014</link>
		<pubDate>Mon, 13 Oct 2014 16:42:28 +0000</pubDate>
		<dc:creator><![CDATA[prouarch]]></dc:creator>
		<guid isPermaLink="false">http://networking-morbihan.com/?p=2673</guid>
		<description></description>
		<content:encoded><![CDATA[<p>Pour la quatrième année consécutive, <strong>NetWorking Morbihan</strong> sera présent au <strong>"Quai des réseaux"</strong>, manifestation organisée par la CCI du Morbihan, <strong>le mardi 18 novembre 2014 à partir de 18h30</strong> au Palais des Congrès de Lorient.</p>
<p><img class="aligncenter" alt="Quai des réseaux 2013" src="http://networking-morbihan.com/wp-content/uploads/2013/10/LOGO_QUAI_DES_RESEAUX.jpg" width="591" height="147" /></p>
<p>Comme chaque année, c'est l'occasion pour toute personne intéressée de venir à la rencontre des différents réseaux actifs dans la région qu'ils soient thématiques, transversaux...</p>
<p><strong>N'hésitez pas à passer sur notre stand</strong> pour que nous vous renseignions sur les différentes activités proposées par notre association, nos objectifs, nos prochains événements et projets en cours de réalisation.</p>
<p>La soirée débutera par une conférence de <strong>Jean-Paul BETBEZE</strong>, économiste : <strong>"PME/PMI: l'urgence d'agir ensemble", </strong><strong>Gagner des parts de marché en travaillant ensemble</strong>.</p>
<p>A partir de 20H15 vous pourrez nous retrouver sur notre stand. Nous serons dans la zone dédiée aux "Réseaux Transversaux".</p>
<p><strong>Nous comptons sur votre visite!</strong></p>
<p>Pour vous inscrire à la soirée, utilisez le lien suivant :</p>
<p><a title="Lien inscription" href="http://www.quaidesreseaux56.fr/?mode=soiree-reseaux-inscription" target="_blank"><img alt="Inscription soirée" src="http://networking-morbihan.com/wp-content/uploads/2013/10/INSCRIVEZ-VOUS.jpg" width="120" height="63" /></a></p>]]></content:encoded>
		<excerpt:encoded><![CDATA[]]></excerpt:encoded>
		<wp:post_id>2673</wp:post_id>
		<wp:post_date><![CDATA[2014-10-13 16:42:28]]></wp:post_date>
		<wp:post_date_gmt><![CDATA[2014-10-13 16:42:28]]></wp:post_date_gmt>
		<wp:comment_status><![CDATA[open]]></wp:comment_status>
		<wp:ping_status><![CDATA[open]]></wp:ping_status>
		<wp:post_name><![CDATA[networking-morbihan-sera-au-quai-des-reseaux-2014]]></wp:post_name>
		<wp:status><![CDATA[publish]]></wp:status>
		<wp:post_parent>0</wp:post_parent>
		<wp:menu_order>0</wp:menu_order>
		<wp:post_type><![CDATA[post]]></wp:post_type>
		<wp:post_password><![CDATA[]]></wp:post_password>
		<wp:is_sticky>0</wp:is_sticky>
		<category domain="post_tag" nicename="2014"><![CDATA[2014]]></category>
		<category domain="category" nicename="blog"><![CDATA[Actualités]]></category>
		<category domain="category" nicename="les-autres-rendez-vous"><![CDATA[Les autres Rendez-vous]]></category>
		<category domain="post_tag" nicename="networking-morbihan"><![CDATA[networking morbihan]]></category>
		<category domain="post_tag" nicename="quai-des-reseaux"><![CDATA[quai des réseaux]]></category>
		<category domain="post_tag" nicename="reseauter"><![CDATA[réseauter]]></category>
		<wp:postmeta>
			<wp:meta_key><![CDATA[_edit_last]]></wp:meta_key>
			<wp:meta_value><![CDATA[10]]></wp:meta_value>
		</wp:postmeta>
		<wp:postmeta>
			<wp:meta_key><![CDATA[_thumbnail_id]]></wp:meta_key>
			<wp:meta_value><![CDATA[839]]></wp:meta_value>
		</wp:postmeta>
		<wp:postmeta>
			<wp:meta_key><![CDATA[_edit_last]]></wp:meta_key>
			<wp:meta_value><![CDATA[10]]></wp:meta_value>
		</wp:postmeta>
		<wp:postmeta>
			<wp:meta_key><![CDATA[_thumbnail_id]]></wp:meta_key>
			<wp:meta_value><![CDATA[839]]></wp:meta_value>
		</wp:postmeta>
	</item>
	<item>
		<title>Forum UBS des Entreprises 2014</title>
		<link>https://www.networking-morbihan.com/forum-ubs-des-entreprises-2014</link>
		<pubDate>Thu, 20 Nov 2014 20:13:48 +0000</pubDate>
		<dc:creator><![CDATA[prouarch]]></dc:creator>
		<guid isPermaLink="false">http://networking-morbihan.com/?p=2802</guid>
		<description></description>
		<content:encoded><![CDATA[<p>Le Networking Morbihan est présent ce matin au forum des entreprises 2014 organisé par l'Université de Bretagne Sud.</p>
<p><a href="http://networking-morbihan.com/wp-content/uploads/2014/11/20141120_102403-e1416514271560.jpg"><img class="size-medium wp-image-2809 alignleft" alt="Forum entreprises UBS" src="http://networking-morbihan.com/wp-content/uploads/2014/11/20141120_102403-e1416514271560-168x300.jpg" width="168" height="300" /></a> Pour préparer son avenir, trouver un stage, un emploi, des clients ou partenaires, en 2014 plus que jamais, aller à la rencontre des autres me paraît être essentiel.</p>
<p>Ainsi, rejoindre un réseau qui permet cela est une démarche enrichissante. C'est exactement ce que propose le Networking Morbihan ce matin aux étudiants. Demain sur le marché du travail, il est tout dans leur intérêt d'aller à la rencontre des autres, professionnels, indépendants, chefs d'entreprise, salariés qui seront demain leurs clients, partenaires, associés ou employeurs.</p>
<p><b>Faculté des Sciences et Sciences de l'Ingénieur (SSI) - Bâtiment Sciences 2 (rdc) de 9h à 12h</b><br /><b>2 rue Coat Saint-Haouen - LORIENT</b></p>]]></content:encoded>
		<excerpt:encoded><![CDATA[]]></excerpt:encoded>
		<wp:post_id>2802</wp:post_id>
		<wp:post_date><![CDATA[2014-11-20 20:13:48]]></wp:post_date>
		<wp:post_date_gmt><![CDATA[2014-11-20 20:13:48]]></wp:post_date_gmt>
		<wp:comment_status><![CDATA[open]]></wp:comment_status>
		<wp:ping_status><![CDATA[open]]></wp:ping_status>
		<wp:post_name><![CDATA[forum-ubs-des-entreprises-2014]]></wp:post_name>
		<wp:status><![CDATA[publish]]></wp:status>
		<wp:post_parent>0</wp:post_parent>
		<wp:menu_order>0</wp:menu_order>
		<wp:post_type><![CDATA[post]]></wp:post_type>
		<wp:post_password><![CDATA[]]></wp:post_password>
		<wp:is_sticky>0</wp:is_sticky>
		<category domain="category" nicename="blog"><![CDATA[Actualités]]></category>
		<category domain="post_tag" nicename="bretagne"><![CDATA[bretagne]]></category>
		<category domain="post_tag" nicename="entreprises"><![CDATA[entreprises]]></category>
		<category domain="post_tag" nicename="forum"><![CDATA[forum]]></category>
		<category domain="post_tag" nicename="lorient"><![CDATA[lorient]]></category>
		<category domain="post_tag" nicename="sud"><![CDATA[sud]]></category>
		<category domain="post_tag" nicename="ubs"><![CDATA[UBS]]></category>
		<category domain="post_tag" nicename="universite"><![CDATA[université]]></category>
		<wp:postmeta>
			<wp:meta_key><![CDATA[_jsps_metabox_hide_buttons]]></wp:meta_key>
			<wp:meta_value><![CDATA[off]]></wp:meta_value>
		</wp:postmeta>
		<wp:postmeta>
			<wp:meta_key><![CDATA[_edit_last]]></wp:meta_key>
			<wp:meta_value><![CDATA[10]]></wp:meta_value>
		</wp:postmeta>
		<wp:postmeta>
			<wp:meta_key><![CDATA[_jsps_metabox_hide_buttons]]></wp:meta_key>
			<wp:meta_value><![CDATA[off]]></wp:meta_value>
		</wp:postmeta>
		<wp:postmeta>
			<wp:meta_key><![CDATA[_edit_last]]></wp:meta_key>
			<wp:meta_value><![CDATA[10]]></wp:meta_value>
		</wp:postmeta>
	</item>
	<item>
		<title>Franc succès pour la visite de ComposiTIC et la Matinale de speed conseil</title>
		<link>https://www.networking-morbihan.com/un-franc-succes</link>
		<pubDate>Wed, 30 Mar 2016 11:22:20 +0000</pubDate>
		<dc:creator><![CDATA[SylvieD]]></dc:creator>
		<guid isPermaLink="false">http://networking-morbihan.com/?p=3626</guid>
		<description></description>
		<content:encoded><![CDATA[Vous étiez nombreux à avoir répondu présent pour la visite du plateau ComposiTIC et du Fab Lab à Soye. Vous êtes unanimes à avoir apprécié ce moment d'échange avec les ingénieurs et animateurs des deux sites ainsi que la très belle prestation d' Arnaud Bouteiller, traiteur de cette soirée.

<a href="http://networking-morbihan.com/wp-content/uploads/2016/03/1-DSC01230.jpg"><img class="aligncenter wp-image-3627" src="http://networking-morbihan.com/wp-content/uploads/2016/03/1-DSC01230-1024x576.jpg" alt="1-DSC01230" width="600" height="338" /></a>

<a href="http://networking-morbihan.com/wp-content/uploads/2016/03/1-DSC01244.jpg"><img class="aligncenter wp-image-3628" src="http://networking-morbihan.com/wp-content/uploads/2016/03/1-DSC01244-300x169.jpg" alt="1-DSC01244" width="600" height="338" /></a>

Autre rencontre plébiscitée, la 6e Matinale de Networking Conseil autour de l'intervention très ciblée de Maître Roux, les droits et devoirs attachés à votre site Internet. Cette rencontre connaîtra certainement une suite sur ce sujet d'importance pour nombre d'entreprises.

<a href="http://networking-morbihan.com/wp-content/uploads/2015/07/Article-télégramme.png"><img class="aligncenter wp-image-3624 size-full" src="http://networking-morbihan.com/wp-content/uploads/2015/07/Article-télégramme.png" alt="Article télégramme" width="451" height="671" /></a>

A venir en avril, une soirée pour lâcher prise avec un atelier "Yoga du rire" le 19 avril. Inscriptions ouverte prochainement.

Networking Morbihan co-organise le jeudi 21 avril la soirée "Conseil made in Morbihan" à l'UBS de Vannes. <a href="http://www.tyweb.bzh/leconseilmadeinmorbihan" target="_blank">En savoir plus</a>]]></content:encoded>
		<excerpt:encoded><![CDATA[]]></excerpt:encoded>
		<wp:post_id>3626</wp:post_id>
		<wp:post_date><![CDATA[2016-03-30 12:22:20]]></wp:post_date>
		<wp:post_date_gmt><![CDATA[2016-03-30 11:22:20]]></wp:post_date_gmt>
		<wp:comment_status><![CDATA[open]]></wp:comment_status>
		<wp:ping_status><![CDATA[open]]></wp:ping_status>
		<wp:post_name><![CDATA[un-franc-succes]]></wp:post_name>
		<wp:status><![CDATA[publish]]></wp:status>
		<wp:post_parent>0</wp:post_parent>
		<wp:menu_order>0</wp:menu_order>
		<wp:post_type><![CDATA[post]]></wp:post_type>
		<wp:post_password><![CDATA[]]></wp:post_password>
		<wp:is_sticky>0</wp:is_sticky>
		<category domain="category" nicename="a-la-une"><![CDATA[A la une]]></category>
		<category domain="category" nicename="blog"><![CDATA[Actualités]]></category>
		<category domain="category" nicename="networking-apero"><![CDATA[Networking apéro]]></category>
		<category domain="category" nicename="networking-conseil"><![CDATA[Networking Conseil]]></category>
		<wp:postmeta>
			<wp:meta_key><![CDATA[_jsps_metabox_hide_buttons]]></wp:meta_key>
			<wp:meta_value><![CDATA[off]]></wp:meta_value>
		</wp:postmeta>
		<wp:postmeta>
			<wp:meta_key><![CDATA[_edit_last]]></wp:meta_key>
			<wp:meta_value><![CDATA[11]]></wp:meta_value>
		</wp:postmeta>
		<wp:postmeta>
			<wp:meta_key><![CDATA[_jsps_metabox_hide_buttons]]></wp:meta_key>
			<wp:meta_value><![CDATA[off]]></wp:meta_value>
		</wp:postmeta>
		<wp:postmeta>
			<wp:meta_key><![CDATA[_edit_last]]></wp:meta_key>
			<wp:meta_value><![CDATA[11]]></wp:meta_value>
		</wp:postmeta>
	</item>
	<item>
		<title>Networking fait sa rentrée au Café Dubail</title>
		<link>https://www.networking-morbihan.com/networking-fait-sa-rentree-au-cafe-dubail</link>
		<pubDate>Mon, 18 Sep 2017 20:47:37 +0000</pubDate>
		<dc:creator><![CDATA[sebastien]]></dc:creator>
		<guid isPermaLink="false">http://networking-morbihan.com/?p=4028</guid>
		<description></description>
		<content:encoded><![CDATA[<h3 style="text-align: left;">Le renouveau!</h3>
<p style="text-align: justify;">Pour cette nouvelle année d'activité de notre réseau, place à la réactivité et à l'innovation. Notre équipe travaille actuellement sur la refonte de notre site qui devient <strong>une plateforme d'événements</strong> à votre disposition. La transformation sera effective pour la prochaine édition de <strong>Quai des Réseaux le 14 novembre 2017</strong>. Nous vous présenterons cet outil à votre service...</p>

<h3 style="text-align: justify;">Communiquer sur un événement...</h3>
<p style="text-align: justify;">Notre plateforme sera au service de vos événements. Pour vous aider à planifier vos projets, Sylvie DELANOY, rédactrice et community manager, nous ouvrira sa boîte à outils pour optimiser votre communication d'événements : atelier, portes ouvertes, visite d'entreprise, moment de convivialité. A vos notes!</p>

<h3 style="text-align: justify;">La parole est à vous!</h3>
<p style="text-align: justify;">Profitons de cette rentrée pour se présenter ou parler de nos nouveaux projets avec un petit jeu à l'appui. On vous en dit plus le jour J...</p>
<p style="text-align: justify;">Cette rencontre sera suivie d'un dîner dans le café restaurant privatisé pour nous en cette occasion.</p>

<h3 style="text-align: justify;"><span style="color: #993300;">Inscriptions limitées à 25 personnes!</span></h3>
<h3 style="text-align: left;"><em>NetWorking Apéro du mardi 19 septembre 2017</em></h3>
&nbsp;

<a class="button-green-tall" href="#inscription">Je m'inscris !</a>

&nbsp;

Vous voulez participer à notre soirée? Alors ne tardez pas à vous inscrire ! L’inscription est ouverte jusqu’au<strong> 15 septembre à minuit inclus</strong>.

Lieu de la soirée du <strong>mardi 19 septembre 2017, à partir de 19 H</strong>:
<h4><em>Café Galerie Dubail<a title="Page de présentation" href="http://ibisstyleshotel.ibis.com/fr/france/index.shtml" target="_blank" rel="noopener">
</a></em>22 rue du Général Dubail
<em>56100 LORIENT</em></h4>
[wpgmappity id="40"]

<strong>Tarif de la soirée : 22 € pour les adhérents, 26 € pour les autres.</strong>
<h4>[symple_highlight color="yellow"]<strong>Paiement par Paypal / Carte Bancaire OU par chèque</strong>[/symple_highlight]</h4>
&nbsp;

Pour valider votre inscription vous devez nous envoyer votre paiement pour <strong>le 15 septembre à minuit au + tard</strong>.
La réception de votre paiement valide votre inscription et vous recevrez en retour une facture.
Pour cela deux solutions :
<ul>
 	<li>Pour être certain que votre inscription soit <strong>prise en compte tout de suite</strong>, effectuez votre paiement en ligne via Paypal en remplissant le formulaire ci dessous. Pour ce faire, il n'est pas nécessaire d'avoir un compte Paypal. Une simple carte de crédit est suffisante pour payer en ligne via le site paypal.</li>
 	<li>Déposez / expédiez votre paiement par chèque <strong>à l'ordre de Networking Morbihan</strong> ainsi que vos coordonnées pour pouvoir vous contacter et vous facturer à l'adresse suivante :
<em>Alain LE SANT
Pour NetWorking Morbihan
19 rue du Rouho
56100 LORIENT</em>.</li>
 	<li><strong>Votre inscription ne sera validée qu'à réception de votre chèque. Les chèques reçus après la date limite ne seront pas pris en compte et renvoyés à leur expéditeur.
Notez aussi qu'après le 15 septembre 2017 toute inscription est définitive et aucune annulation et remboursement ne pourront être effectués.</strong></li>
</ul>
<h1 id="inscription">Ne remplissez ce formulaire que si vous payez en ligne</h1>
[gravityform id="95" title="true" description="true"]

Si vous avez besoin de renseignements complémentaires, <a title="Contactez-nous" href="http://www.networking-morbihan.com/contactez-nous">utilisez notre formulaire de contact</a>.

<strong>Les participants déjà enregistrés pour cette soirée :</strong>
<ul id="participants">
 	<li>Sylvie DELANOY (<a href="https://fr.linkedin.com/in/sylvie-delanoy-7a2a7b1b" target="_blank" rel="noopener">Linkedin</a>)</li>
 	<li>Naïma PEDRONO (<a href="https://fr.linkedin.com/in/naima-pedrono-1415a313" target="_blank" rel="noopener">Linkedin)</a></li>
 	<li>Pierre ROUARCH (<a href="https://www.anakeyn.com" target="_blank" rel="noopener">Anakeyn</a>)</li>
 	<li>Alain LE SANT (<a href="http://www.aleos2i.fr" target="_blank" rel="noopener">Aleos2i</a>)</li>
 	<li>Jean-Louis LEFEBVRE (<a href="http://www.solutives.com" target="_blank" rel="noopener">Solutives</a>)</li>
 	<li>Claudine LEFEBVRE</li>
 	<li>Sylvie LE MOULLEC (<a href="http://www.slm-4a.com" target="_blank" rel="noopener">Site</a>)</li>
 	<li>Gwenola LESTROHAN (<a href="http://dieteticien-nutritionniste-lorient.maigrir2000.com/" target="_blank" rel="noopener">Site</a>)</li>
 	<li>Jonathan ALLIO</li>
 	<li>Bénédicte VINCENT</li>
 	<li>Anne CLEMENT (<a href="http://anne-clement.fr" target="_blank" rel="noopener">Site</a>)</li>
 	<li>Fabrice PENHOËT (<a title="boîtes patissières" href="http://www.latulipe.fr/" target="_blank" rel="noopener">L.F.I.</a>)</li>
 	<li>Ghislaine HOREL</li>
 	<li>Reine HENRIO</li>
 	<li>Bérangère FEAT</li>
 	<li>Sébastien LOPEZ (<a href="https://designsgenius.com" target="_blank" rel="noopener">Designs Genius</a>)</li>
 	<li>Morgane LE MOELLE (<a href="https://www.hypnose-coaching-lorient.com/blog" target="_blank" rel="noopener">Site</a>)</li>
 	<li>Isabelle FENOTTI (<a href="http://kerholis-conseil.com" target="_blank" rel="noopener">Kerholis</a>)</li>
 	<li>Philippe LE NEZET</li>
 	<li>Catherine VIVIEN (<a href="http://assistburo.blogspot.fr" target="_blank" rel="noopener">Site</a>)</li>
 	<li>Marie-Annick ROUXEL</li>
 	<li>Christophe HUISSE (<a href="http://www.liaisonvegetale.com" target="_blank" rel="noopener">Liaison végétale</a>)</li>
 	<li>Caroline SALIERI (<a href="https://linkedin.com/in/caroline-salieri-197921a1" target="_blank" rel="noopener">Linkedin</a>)</li>
 	<li>Jacky ABELARD (<a href="http://www.jackab.com" target="_blank" rel="noopener">Site</a>)</li>
 	<li>Emmanuelle ALEXANDRE (<a href="https://www.facebook.com/Emmanuelle-Alexandre-Naturopathe-Thérapeute-Energéticienne-866348143404373/?fref=ts" target="_blank" rel="noopener">Facebook</a>)</li>
 	<li>Bernard CLAVERIE</li>
</ul>]]></content:encoded>
		<excerpt:encoded><![CDATA[]]></excerpt:encoded>
		<wp:post_id>4028</wp:post_id>
		<wp:post_date><![CDATA[2017-09-18 21:47:37]]></wp:post_date>
		<wp:post_date_gmt><![CDATA[2017-09-18 20:47:37]]></wp:post_date_gmt>
		<wp:comment_status><![CDATA[open]]></wp:comment_status>
		<wp:ping_status><![CDATA[open]]></wp:ping_status>
		<wp:post_name><![CDATA[networking-fait-sa-rentree-au-cafe-dubail]]></wp:post_name>
		<wp:status><![CDATA[publish]]></wp:status>
		<wp:post_parent>0</wp:post_parent>
		<wp:menu_order>0</wp:menu_order>
		<wp:post_type><![CDATA[post]]></wp:post_type>
		<wp:post_password><![CDATA[]]></wp:post_password>
		<wp:is_sticky>0</wp:is_sticky>
		<category domain="category" nicename="a-la-une"><![CDATA[A la une]]></category>
		<category domain="category" nicename="blog"><![CDATA[Actualités]]></category>
		<category domain="category" nicename="networking-apero"><![CDATA[Networking apéro]]></category>
		<wp:postmeta>
			<wp:meta_key><![CDATA[_genesis_scripts_body_position]]></wp:meta_key>
			<wp:meta_value><![CDATA[bottom]]></wp:meta_value>
		</wp:postmeta>
		<wp:postmeta>
			<wp:meta_key><![CDATA[_thumbnail_id]]></wp:meta_key>
			<wp:meta_value><![CDATA[4029]]></wp:meta_value>
		</wp:postmeta>
		<wp:postmeta>
			<wp:meta_key><![CDATA[_edit_last]]></wp:meta_key>
			<wp:meta_value><![CDATA[8]]></wp:meta_value>
		</wp:postmeta>
		<wp:postmeta>
			<wp:meta_key><![CDATA[_jsps_metabox_hide_buttons]]></wp:meta_key>
			<wp:meta_value><![CDATA[off]]></wp:meta_value>
		</wp:postmeta>
	</item>
	<item>
		<title>Networking Morbihan sera à Connect’in Lorient le 14 Novembre.</title>
		<link>https://www.networking-morbihan.com/nw56-connectin-lorient-14-novembre</link>
		<pubDate>Wed, 25 Oct 2017 10:19:41 +0000</pubDate>
		<dc:creator><![CDATA[prouarch]]></dc:creator>
		<guid isPermaLink="false">http://www.networking-morbihan.com/?p=4072</guid>
		<description></description>
		<content:encoded><![CDATA[<a href="http://networking-morbihan.com/wp-content/uploads/2017/10/NW56-Connectin-Site.png"><img src="http://networking-morbihan.com/wp-content/uploads/2017/10/NW56-Connectin-Site.png" alt="NW56 Connectin-Lorient" width="600"  class="aligncenter size-full wp-image-4073" /></a>

Bonjour à chacune et à chacun,

Peut-être que certains d'entre vous sont au courant mais cette année Quai des Réseaux est couplé à Web in Lorient pour un événement qui s'appelle "Connect'in Lorient"

Voir ici <a href="https://connectin-lorient.fr/" title="Conect'in Lorient" target="_blank">https://connectin-lorient.fr/</a>

L'événement est le mardi 14 novembre et bien évidemment Networking Morbihan y sera présent comme chaque année.

<h3>Notez bien les éléments suivants :</h3>

Pour cet événement couplé,  seuls les "ateliers XXL" sont payants :  vous pouvez aller à la conférence inaugurale de Fred Cavazza à 13h30 visiter le show room et ensuite vous pouvez  revenir à Quai des réseaux à 18h30 et voir la conférence sur l'intelligence artificielle à 19 h puis participer à la soirée à 20 h

L’accueil à Quai des réseaux à proprement parlé commence à 18h30  !

Pendant la soirée (à partir de 20h) nous serons présents sur notre stand, <strong>n’hésitez pas à nous visiter</strong>.

Attention pour participer à l'événement (même de façon gratuite) <strong>vous devez absolument vous inscrire</strong> !

<strong>Pour s'inscrire</strong> c'est ici  <a href="https://connectin-lorient.fr/billetterie/" title="Inscription Connect'in" target="_blank">https://connectin-lorient.fr/billetterie/ </a>

A bientôt,

Pierre pour Networking Morbihan

]]></content:encoded>
		<excerpt:encoded><![CDATA[]]></excerpt:encoded>
		<wp:post_id>4072</wp:post_id>
		<wp:post_date><![CDATA[2017-10-25 11:19:41]]></wp:post_date>
		<wp:post_date_gmt><![CDATA[2017-10-25 10:19:41]]></wp:post_date_gmt>
		<wp:comment_status><![CDATA[open]]></wp:comment_status>
		<wp:ping_status><![CDATA[open]]></wp:ping_status>
		<wp:post_name><![CDATA[nw56-connectin-lorient-14-novembre]]></wp:post_name>
		<wp:status><![CDATA[publish]]></wp:status>
		<wp:post_parent>0</wp:post_parent>
		<wp:menu_order>0</wp:menu_order>
		<wp:post_type><![CDATA[post]]></wp:post_type>
		<wp:post_password><![CDATA[]]></wp:post_password>
		<wp:is_sticky>0</wp:is_sticky>
		<category domain="category" nicename="a-la-une"><![CDATA[A la une]]></category>
		<category domain="category" nicename="blog"><![CDATA[Actualités]]></category>
		<category domain="category" nicename="les-autres-rendez-vous"><![CDATA[Les autres Rendez-vous]]></category>
		<wp:postmeta>
			<wp:meta_key><![CDATA[_jsps_metabox_hide_buttons]]></wp:meta_key>
			<wp:meta_value><![CDATA[off]]></wp:meta_value>
		</wp:postmeta>
		<wp:postmeta>
			<wp:meta_key><![CDATA[_jsps_metabox_hide_buttons]]></wp:meta_key>
			<wp:meta_value><![CDATA[off]]></wp:meta_value>
		</wp:postmeta>
		<wp:postmeta>
			<wp:meta_key><![CDATA[_edit_last]]></wp:meta_key>
			<wp:meta_value><![CDATA[5]]></wp:meta_value>
		</wp:postmeta>
		<wp:postmeta>
			<wp:meta_key><![CDATA[_thumbnail_id]]></wp:meta_key>
			<wp:meta_value><![CDATA[4073]]></wp:meta_value>
		</wp:postmeta>
		<wp:postmeta>
			<wp:meta_key><![CDATA[_genesis_title]]></wp:meta_key>
			<wp:meta_value><![CDATA[Networking Morbihan sera à Connect’in Lorient le 14 Novembre]]></wp:meta_value>
		</wp:postmeta>
		<wp:postmeta>
			<wp:meta_key><![CDATA[_genesis_description]]></wp:meta_key>
			<wp:meta_value><![CDATA[Networking Morbihan sera présent à la soirée Quai des Réseaux organisée dans le cadre de Connect&#039;in Lorient le 14 novembre 2017 à partir de 18h30 au Palais des Congrès.]]></wp:meta_value>
		</wp:postmeta>
		<wp:postmeta>
			<wp:meta_key><![CDATA[_genesis_keywords]]></wp:meta_key>
			<wp:meta_value><![CDATA[Quai des Réseaux, Connect&#039;in Lorient, Networking, Réseau]]></wp:meta_value>
		</wp:postmeta>
	</item>
	<item>
		<title>Lancement de la plateforme événements de Networking Morbihan</title>
		<link>https://www.networking-morbihan.com/lancement-plateforme-networking-evenements</link>
		<pubDate>Thu, 16 Nov 2017 09:49:23 +0000</pubDate>
		<dc:creator><![CDATA[prouarch]]></dc:creator>
		<guid isPermaLink="false">http://www.networking-morbihan.com/?p=4088</guid>
		<description></description>
		<content:encoded><![CDATA[<a href="http://www.events.networking-morbihan.com/" title="Evénements Networking Morbihan" target="_blank"><img src="http://networking-morbihan.com/wp-content/uploads/2017/11/Bienvenue-Evenements.jpg" alt="Bienvenue-Evenements" width="600"  class="aligncenter size-full wp-image-4089" /></a>

Pour ceux qui étaient au <a href="http://www.networking-morbihan.com/nw56-connectin-lorient-14-novembre" title="Connectin Lorient 14 novembre 2017" target="_blank">Connectin Lorient/ Quai des Réseaux mardi 14 novembre 2017</a>, l'information avait déjà été dévoilée :

<br/>
<h3>Networking Morbihan a lancé officiellement <a href="http://www.events.networking-morbihan.com/" title="Evénements Networking Morbihan" target="_blank">sa plateforme d'événements.</a></h3>

<br/>
<p>En premier lieu, cette Plateforme a pour objectif de faire connaitre auprès du public et des autres membres de Networking Morbihan les événements organisés par ses adhérents.</p>

Bien sûr, les événements organisés par Networking Morbihan ! Apéros, cafés, conseils ... seront aussi présents sur cette plateforme.

Et au delà, cette plateforme permettra aussi de faire connaitre des événements organisés par d'autres organismes : institutions, pouvoirs publics, entreprises, autres réseaux et clubs présents sur le territoire du Morbihan.

Les événements s'entendent au sens large : il peut s'agir de formations, d'ateliers, de présentations  mais aussi de sorties, de covoiturage pour un événements tiers, colloques, salons etc...

<br/>
<h3>Comment ça marche ?</h3>
<br/>
Tout d'abord, le principe est d'abord de mettre en avant les événements des adhérents de Networking Morbihan, c'est pourquoi, seuls les membres de notre réseau pourront poster des événements.

Ensuite, il s'agit de faciliter le réseautage et la participation de nos adhérents. C'est pourquoi, les créateurs d'événements seront invités à proposer des remises, de la gratuité ou des avantages particuliers aux autres membres de Networking Morbihan.

Toutefois, fidèle à son ouverture vers l'extérieur, les créateurs d'événements de Networking Morbihan seront aussi incités à accueillir les non membres du réseau comme nous le faisons à nos soirées et cafés depuis sa création.

Des vidéos seront bientôt disponibles afin de vous aider à prendre en main ce nouvel outil. Vous pouvez aussi venir au prochain Networking Café qui aura lieu le 24 novembre à 10h au café Dubail à Lorient. <a href="http://www.events.networking-morbihan.com/networking-kf/" title="Networking KF du 24 novembre 2017." target="_blank">S'inscrire ici sur notre plateforme</a> ! Attention places limitées.

<br/>
<h3>Et maintenant ?</h3>
<br/>
Si vous êtes adhérent (à jour de cotisation :-)) de Networking Morbihan vous avez du recevoir un message avec un login et un mot de passe vous permettant de poster vos événements sur la plateforme. Si vous n'avez pas vu passer ce message contactez-nous à l'adresse contact@networking-morbihan.com.

Pour ceux qui ne sont pas encore adhérents vous pouvez <a href="http://www.networking-morbihan.com/adhesion-nw56" title="Adhésion Networking Morbihan">bien sûr le devenir.</a>. Nos trésoriers (bénévoles) vous renverront le plus rapidement possible votre identifiant et votre mot de passe.

Sinon, si vous hésitez encore, vous pouvez aussi vous <a href="http://www.networking-morbihan.com/newsletter" title="Abonnement newsletter">abonner à notre newsletter</a>, ou nous suivre sur les différents réseaux sociaux :  <a href="https://www.facebook.com/networking.morbihan/" title="FaceBook Networking Morbihan" target="_blank">FaceBook</a>, <a href="https://twitter.com/netmorbihan" title="Twitter Networking Morbihan" target="_blank">Twitter</a>; <a href="https://www.linkedin.com/groups/3744430" title="Groupe Networking Morbihan sur Linkedin" target="_blank">LinkedIn</a> ou <a href="https://www.viadeo.com/groups/?containerId=002ei9xxax09ut9" title="Groupe Networking Morbihan sur Viadeo " target="_blank">Viadeo</a>

A bientôt,

Pierre pour Networking Morbihan.


]]></content:encoded>
		<excerpt:encoded><![CDATA[]]></excerpt:encoded>
		<wp:post_id>4088</wp:post_id>
		<wp:post_date><![CDATA[2017-11-16 10:49:23]]></wp:post_date>
		<wp:post_date_gmt><![CDATA[2017-11-16 09:49:23]]></wp:post_date_gmt>
		<wp:comment_status><![CDATA[open]]></wp:comment_status>
		<wp:ping_status><![CDATA[open]]></wp:ping_status>
		<wp:post_name><![CDATA[lancement-plateforme-networking-evenements]]></wp:post_name>
		<wp:status><![CDATA[publish]]></wp:status>
		<wp:post_parent>0</wp:post_parent>
		<wp:menu_order>0</wp:menu_order>
		<wp:post_type><![CDATA[post]]></wp:post_type>
		<wp:post_password><![CDATA[]]></wp:post_password>
		<wp:is_sticky>0</wp:is_sticky>
		<category domain="category" nicename="a-la-une"><![CDATA[A la une]]></category>
		<category domain="category" nicename="blog"><![CDATA[Actualités]]></category>
		<wp:postmeta>
			<wp:meta_key><![CDATA[_jsps_metabox_hide_buttons]]></wp:meta_key>
			<wp:meta_value><![CDATA[off]]></wp:meta_value>
		</wp:postmeta>
		<wp:postmeta>
			<wp:meta_key><![CDATA[_jsps_metabox_hide_buttons]]></wp:meta_key>
			<wp:meta_value><![CDATA[off]]></wp:meta_value>
		</wp:postmeta>
		<wp:postmeta>
			<wp:meta_key><![CDATA[_edit_last]]></wp:meta_key>
			<wp:meta_value><![CDATA[5]]></wp:meta_value>
		</wp:postmeta>
		<wp:postmeta>
			<wp:meta_key><![CDATA[_thumbnail_id]]></wp:meta_key>
			<wp:meta_value><![CDATA[4089]]></wp:meta_value>
		</wp:postmeta>
		<wp:postmeta>
			<wp:meta_key><![CDATA[_genesis_title]]></wp:meta_key>
			<wp:meta_value><![CDATA[Lancement de la plateforme événements de Networking Morbihan]]></wp:meta_value>
		</wp:postmeta>
		<wp:postmeta>
			<wp:meta_key><![CDATA[_genesis_description]]></wp:meta_key>
			<wp:meta_value><![CDATA[La plateforme d&#039;événements de Networking Morbihan est ouverte. Si vous êtes membres, postez vos événements, sinon incrivez vous aux événements proposés par les adhérents de Networking Morbihan.]]></wp:meta_value>
		</wp:postmeta>
	</item>
	<item>
		<title>Networking Morbihan au Forum de la création d&#039;entreprise le 26 Septembre 2013</title>
		<link>https://www.networking-morbihan.com/networking-morbihan-au-forum-de-la-creation-dentreprise-le-26-septembre-2013-2</link>
		<pubDate>Mon, 16 Sep 2013 08:49:02 +0000</pubDate>
		<dc:creator><![CDATA[prouarch]]></dc:creator>
		<guid isPermaLink="false">http://www.networking-morbihan.com/?p=1899</guid>
		<description></description>
		<content:encoded><![CDATA[<p>Le 26 septembre 2013 de 14 heures à 18 heures, venez rencontrer Networking Morbihan au <strong>Forum de la Création d'Entreprise pour Tous</strong> organisé par <a title="ARPE - Pays de Lorient" href="http://www.paysdelorient.com/" target="_blank">l'ARPE </a>au Palais des Congrès de Lorient.</p>
<p><img class="size-full wp-image-1918 aligncenter" alt="5a4llj48" src="http://www.networking-morbihan.com/wp-content/uploads/2013/09/5a4llj48.png" width="590" height="400" /></p>
<h2>Qu'est-ce que l'ARPE ?</h2>
<p>L'ARPE - Association Réseaux Pour l'Emploi - du Pays de Lorient est une structure portée par Lorient Agglomération, la communauté de Commune Blavet Océan le Conseil Général du Morbihan avec le concours de l'Etat.</p>
<p>Cette association à pour objectif de mettre en cohérence les acteurs de l'emploi et leurs actions sur le Territoire du Pays de Lorient.</p>
<h2>Le Forum la Création d'Entreprise pour Tous</h2>
<p>"Cette manifestation a pour ambition de développer la culture entrepreneuriale, de susciter l’envie d’entreprendre, de rompre l’isolement du créateur, de sensibiliser le porteur de projet à l’accompagnement sur son idée ou projet de création."</p>
<p>Le forum est gratuit et ouvert à tous et se tiendra le 26 septembre 2013 de 14 heures à 18 heures au Palais des Congrès de Lorient, quai Gustave Mansion 56100.</p>
<p><iframe src="https://maps.google.fr/maps?oe=utf-8&amp;client=firefox-a&amp;ie=UTF8&amp;q=Palais+des+Congr%C3%A8s&amp;fb=1&amp;gl=fr&amp;hq=Palais+des+Congr%C3%A8s&amp;hnear=0x48105e56aa6609ed:0xa93367770ccde4ea,Lorient&amp;cid=0,0,900471472766434121&amp;ll=47.747808,-3.360465&amp;spn=0.006295,0.006295&amp;t=m&amp;output=embed" height="350" width="425" frameborder="0" marginwidth="0" marginheight="0" scrolling="no"></iframe><br /><small><a style="color: #0000ff; text-align: left;" href="https://maps.google.fr/maps?oe=utf-8&amp;client=firefox-a&amp;ie=UTF8&amp;q=Palais+des+Congr%C3%A8s&amp;fb=1&amp;gl=fr&amp;hq=Palais+des+Congr%C3%A8s&amp;hnear=0x48105e56aa6609ed:0xa93367770ccde4ea,Lorient&amp;cid=0,0,900471472766434121&amp;ll=47.747808,-3.360465&amp;spn=0.006295,0.006295&amp;t=m&amp;source=embed">Agrandir le plan</a></small></p>
<p><a title="Programme creation entreprise pour tous" href="http://www.paysdelorient.com/fileadmin/user_upload/maison-emploi/Site_ARPE/Fichiers_Actus/Flyer_La_creation_d_entreprise_pour_tous.pdfhttp://" target="_blank">Téléchargez le Programme du Forum de la Création d'Entreprise pour Tous</a></p>
<h2>Venez nous rencontrer et nous rejoindre !</h2>
<p>Venez nous rencontrer lors de ce forum, Networking Mornbihan tiendra un stand dans la zone "Echanger avec les entrepreneurs et avec les réseaux" au deuxième étage du Palais des congrès dans la zone verte à droite sur le Plan.</p>
<p><a href="http://www.networking-morbihan.com/wp-content/uploads/2013/09/Plan-Creation-entreprise.jpg"><img class="aligncenter size-full wp-image-1907" alt="Plan Forum Creation Entreprise" src="http://www.networking-morbihan.com/wp-content/uploads/2013/09/Plan-Creation-entreprise.jpg" width="591" height="509" /></a></p>
<p>Rejoindre un réseau comme Networking Morbihan c'est éviter l'isolement du Chef d'entreprise, bénéficier de conseils et de soutiens d'autres entrepreneurs comme vous, échanger pour affiner votre projet, générer des contacts professionnels, gagner en visibilité sur vos marchés futurs...</p>
<p>NE RESTEZ PAS SEUL !</p>]]></content:encoded>
		<excerpt:encoded><![CDATA[]]></excerpt:encoded>
		<wp:post_id>4097</wp:post_id>
		<wp:post_date><![CDATA[2013-09-16 08:49:02]]></wp:post_date>
		<wp:post_date_gmt><![CDATA[2013-09-16 08:49:02]]></wp:post_date_gmt>
		<wp:comment_status><![CDATA[open]]></wp:comment_status>
		<wp:ping_status><![CDATA[open]]></wp:ping_status>
		<wp:post_name><![CDATA[networking-morbihan-au-forum-de-la-creation-dentreprise-le-26-septembre-2013-2]]></wp:post_name>
		<wp:status><![CDATA[publish]]></wp:status>
		<wp:post_parent>0</wp:post_parent>
		<wp:menu_order>0</wp:menu_order>
		<wp:post_type><![CDATA[post]]></wp:post_type>
		<wp:post_password><![CDATA[]]></wp:post_password>
		<wp:is_sticky>0</wp:is_sticky>
		<category domain="category" nicename="blog"><![CDATA[Actualités]]></category>
		<category domain="post_tag" nicename="creation"><![CDATA[Création]]></category>
		<category domain="post_tag" nicename="entreprise"><![CDATA[Entreprise]]></category>
		<category domain="category" nicename="les-autres-rendez-vous"><![CDATA[Les autres Rendez-vous]]></category>
		<category domain="post_tag" nicename="manifestation"><![CDATA[Manifestation]]></category>
		<wp:postmeta>
			<wp:meta_key><![CDATA[_jsps_metabox_hide_buttons]]></wp:meta_key>
			<wp:meta_value><![CDATA[off]]></wp:meta_value>
		</wp:postmeta>
		<wp:postmeta>
			<wp:meta_key><![CDATA[_edit_last]]></wp:meta_key>
			<wp:meta_value><![CDATA[8]]></wp:meta_value>
		</wp:postmeta>
		<wp:postmeta>
			<wp:meta_key><![CDATA[_thumbnail_id]]></wp:meta_key>
			<wp:meta_value><![CDATA[1918]]></wp:meta_value>
		</wp:postmeta>
	</item>
	<item>
		<title>Networking Morbihan soutient l&#039;association ELAN pour sa philosophie</title>
		<link>https://www.networking-morbihan.com/association-elan-2</link>
		<pubDate>Thu, 27 Mar 2014 17:58:51 +0000</pubDate>
		<dc:creator><![CDATA[ALEOS2i]]></dc:creator>
		<guid isPermaLink="false">http://www.networking-morbihan.com/?p=2313</guid>
		<description></description>
		<content:encoded><![CDATA[<p style="text-align: left;"><a href="http://www.elan-services.fr/" target="_blank"><img class="aligncenter  wp-image-2314" alt="ELAN" src="http://networking-morbihan.com/wp-content/uploads/2014/03/elan-300x62.jpg" width="300" height="62" /></a><br />ELAN est une association intermédiaire qui met à disposition (MAD) du personnel sur des activités très diverses (secrétariat, entretien, diffusion de tracts, manutention..) pour des missions ponctuelles ou récurrentes (liées à un surcroît d'activités, urgence, remplacement de salarié...). Suivant votre besoin, Elan recherche le profil adéquat,<strong> l'association reste l'employeur, vous n'avez aucune démarche administrative à effectuer</strong>. N'hésitez pas à faire appel à un interlocuteur local, par le site internet <a title="Elan Services" href="http://www.elan-services.fr/qui-sommes-nous/" target="_blank">www.elan-services.fr</a> vous aurez une meilleure visibilité de l'action d'Elan."</p>]]></content:encoded>
		<excerpt:encoded><![CDATA[]]></excerpt:encoded>
		<wp:post_id>4100</wp:post_id>
		<wp:post_date><![CDATA[2014-03-27 17:58:51]]></wp:post_date>
		<wp:post_date_gmt><![CDATA[2014-03-27 17:58:51]]></wp:post_date_gmt>
		<wp:comment_status><![CDATA[open]]></wp:comment_status>
		<wp:ping_status><![CDATA[open]]></wp:ping_status>
		<wp:post_name><![CDATA[association-elan-2]]></wp:post_name>
		<wp:status><![CDATA[publish]]></wp:status>
		<wp:post_parent>0</wp:post_parent>
		<wp:menu_order>0</wp:menu_order>
		<wp:post_type><![CDATA[post]]></wp:post_type>
		<wp:post_password><![CDATA[]]></wp:post_password>
		<wp:is_sticky>0</wp:is_sticky>
		<category domain="category" nicename="blog"><![CDATA[Actualités]]></category>
		<wp:postmeta>
			<wp:meta_key><![CDATA[_jsps_metabox_hide_buttons]]></wp:meta_key>
			<wp:meta_value><![CDATA[off]]></wp:meta_value>
		</wp:postmeta>
		<wp:postmeta>
			<wp:meta_key><![CDATA[_edit_last]]></wp:meta_key>
			<wp:meta_value><![CDATA[8]]></wp:meta_value>
		</wp:postmeta>
		<wp:postmeta>
			<wp:meta_key><![CDATA[_thumbnail_id]]></wp:meta_key>
			<wp:meta_value><![CDATA[2314]]></wp:meta_value>
		</wp:postmeta>
	</item>
	<item>
		<title>Nous serons au forum de la création d&#039;entreprise pour tous</title>
		<link>https://www.networking-morbihan.com/forum-de-la-creation-dentreprise-2</link>
		<pubDate>Tue, 30 Sep 2014 13:02:30 +0000</pubDate>
		<dc:creator><![CDATA[prouarch]]></dc:creator>
		<guid isPermaLink="false">http://www.networking-morbihan.com/?p=2617</guid>
		<description></description>
		<content:encoded><![CDATA[<p><span style="text-decoration: underline;">Le mardi 7 octobre 2014 de 14 heures à 18 heures,</span> venez rencontrer Networking Morbihan au <strong>Forum de la Création d'Entreprise pour Tous</strong> organisé par <a title="ARPE - Pays de Lorient" href="http://arpe.paysdelorient.com/" target="_blank">l'ARPE </a>au Palais des Congrès de Lorient, quai Gustave Mansion.</p>
<p style="text-align: center;"><a href="http://www.networking-morbihan.com/wp-content/uploads/2014/09/aff-crea2014.jpg"><img class="alignnone size-medium wp-image-2618 aligncenter" alt="aff-crea2014" src="http://www.networking-morbihan.com/wp-content/uploads/2014/09/aff-crea2014-200x300.jpg" width="200" height="300" /></a></p>
<h2>Qu'est-ce que l'ARPE ?</h2>
<p>L'ARPE - Association Réseaux Pour l'Emploi - du Pays de Lorient est une structure portée par Lorient Agglomération, la communauté de Commune Blavet Océan le Conseil Général du Morbihan avec le concours de l'Etat.</p>
<p>Cette association à pour objectif de mettre en cohérence les acteurs de l'emploi et leurs actions sur le Territoire du Pays de Lorient.</p>
<h2>Le Forum la Création d'Entreprise pour Tous</h2>
<p>"Cette manifestation a pour ambition de développer la culture entrepreneuriale, de susciter l’envie d’entreprendre, de rompre l’isolement du créateur, de sensibiliser le porteur de projet à l’accompagnement sur son idée ou projet de création."</p>
<p><iframe style="border: 0;" src="https://www.google.com/maps/embed?pb=!1m14!1m8!1m3!1d5365.6848408985115!2d-3.3605812999999998!3d47.7457121!3m2!1i1024!2i768!4f13.1!3m3!1m2!1s0x48105e506b55a265%3A0xc0603f17b1fadcac!2sQuai+Gustave+Mansion%2C+56100+Lorient!5e0!3m2!1sfr!2sfr!4v1412081421759" height="300" width="400" frameborder="0"></iframe></p>
<h2>Venez nous rencontrer et nous rejoindre !</h2>
<p>Venez nous rencontrer lors de ce forum, Networking Morbihan tiendra un stand dans la zone "Echanger avec les entrepreneurs et avec les réseaux" au premier étage du Palais des congrès.</p>
<p>Cliquez sur les images pour voir le programme :</p>
<p><a href="http://www.networking-morbihan.com/wp-content/uploads/2014/09/prog-crea2014V.jpg"><img class="alignnone size-medium wp-image-2621" alt="prog-crea2014V" src="http://www.networking-morbihan.com/wp-content/uploads/2014/09/prog-crea2014V-300x211.jpg" width="300" height="211" /></a> <a href="http://www.networking-morbihan.com/wp-content/uploads/2014/09/prog-crea2014R.jpg"><img class="alignnone size-medium wp-image-2622" alt="prog-crea2014R" src="http://www.networking-morbihan.com/wp-content/uploads/2014/09/prog-crea2014R-300x211.jpg" width="300" height="211" /></a></p>
<p>Rejoindre un réseau comme Networking Morbihan c'est éviter l'isolement du Chef d'entreprise, bénéficier de conseils et de soutiens d'autres entrepreneurs comme vous, échanger pour affiner votre projet, générer des contacts professionnels, gagner en visibilité sur vos marchés futurs...</p>
<p>NE RESTEZ PAS SEUL !</p>]]></content:encoded>
		<excerpt:encoded><![CDATA[]]></excerpt:encoded>
		<wp:post_id>4102</wp:post_id>
		<wp:post_date><![CDATA[2014-09-30 13:02:30]]></wp:post_date>
		<wp:post_date_gmt><![CDATA[2014-09-30 13:02:30]]></wp:post_date_gmt>
		<wp:comment_status><![CDATA[open]]></wp:comment_status>
		<wp:ping_status><![CDATA[open]]></wp:ping_status>
		<wp:post_name><![CDATA[forum-de-la-creation-dentreprise-2]]></wp:post_name>
		<wp:status><![CDATA[publish]]></wp:status>
		<wp:post_parent>0</wp:post_parent>
		<wp:menu_order>0</wp:menu_order>
		<wp:post_type><![CDATA[post]]></wp:post_type>
		<wp:post_password><![CDATA[]]></wp:post_password>
		<wp:is_sticky>0</wp:is_sticky>
		<category domain="category" nicename="blog"><![CDATA[Actualités]]></category>
		<category domain="post_tag" nicename="creation"><![CDATA[Création]]></category>
		<category domain="post_tag" nicename="entreprise"><![CDATA[Entreprise]]></category>
		<category domain="post_tag" nicename="forum"><![CDATA[forum]]></category>
		<category domain="category" nicename="les-autres-rendez-vous"><![CDATA[Les autres Rendez-vous]]></category>
		<wp:postmeta>
			<wp:meta_key><![CDATA[_jsps_metabox_hide_buttons]]></wp:meta_key>
			<wp:meta_value><![CDATA[off]]></wp:meta_value>
		</wp:postmeta>
		<wp:postmeta>
			<wp:meta_key><![CDATA[_edit_last]]></wp:meta_key>
			<wp:meta_value><![CDATA[4]]></wp:meta_value>
		</wp:postmeta>
		<wp:postmeta>
			<wp:meta_key><![CDATA[_wp_old_slug]]></wp:meta_key>
			<wp:meta_value><![CDATA[nous-serons-au-forum-de-la-creation-dentreprise-pour-tous]]></wp:meta_value>
		</wp:postmeta>
	</item>
</channel>
</rss>
