<?xml version="1.0" encoding="UTF-8" ?>
<!-- This is a WordPress eXtended RSS file generated by WordPress as an export of your site. -->
<!-- It contains information about your site's posts, pages, comments, categories, and other content. -->
<!-- You may use this file to transfer that content from one site to another. -->
<!-- This file is not intended to serve as a complete backup of your site. -->

<!-- To import this information into a WordPress site follow these steps: -->
<!-- 1. Log in to that site as an administrator. -->
<!-- 2. Go to Tools: Import in the WordPress admin panel. -->
<!-- 3. Install the "WordPress" importer from the list. -->
<!-- 4. Activate & Run Importer. -->
<!-- 5. Upload this file using the form provided on that page. -->
<!-- 6. You will first be asked to map the authors in this export file to users -->
<!--    on the site. For each author, you may choose to map to an -->
<!--    existing user on the site or to create a new user. -->
<!-- 7. WordPress will then import each of the posts, pages, comments, categories, etc. -->
<!--    contained in this file into your site. -->

<!-- generator="WordPress/4.9.5" created="2019-01-02 14:59" -->
<rss version="2.0"
	xmlns:excerpt="http://wordpress.org/export/1.2/excerpt/"
	xmlns:content="http://purl.org/rss/1.0/modules/content/"
	xmlns:wfw="http://wellformedweb.org/CommentAPI/"
	xmlns:dc="http://purl.org/dc/elements/1.1/"
	xmlns:wp="http://wordpress.org/export/1.2/"
>

<channel>
	<title>Networking Morbihan</title>
	<link>https://www.networking-morbihan.com</link>
	<description>Faite vous des contacts dans le morbihan</description>
	<pubDate>Wed, 02 Jan 2019 14:59:59 +0000</pubDate>
	<language>fr-FR</language>
	<wp:wxr_version>1.2</wp:wxr_version>
	<wp:base_site_url>https://www.networking-morbihan.com</wp:base_site_url>
	<wp:base_blog_url>https://www.networking-morbihan.com</wp:base_blog_url>

	<wp:author><wp:author_id>4</wp:author_id><wp:author_login><![CDATA[fab56]]></wp:author_login><wp:author_email><![CDATA[fabrice@le-fab-lab.com]]></wp:author_email><wp:author_display_name><![CDATA[fab56]]></wp:author_display_name><wp:author_first_name><![CDATA[Fabrice]]></wp:author_first_name><wp:author_last_name><![CDATA[PENHOËT]]></wp:author_last_name></wp:author>
	<wp:author><wp:author_id>5</wp:author_id><wp:author_login><![CDATA[prouarch]]></wp:author_login><wp:author_email><![CDATA[prouarch@gmail.com]]></wp:author_email><wp:author_display_name><![CDATA[prouarch]]></wp:author_display_name><wp:author_first_name><![CDATA[Pierre]]></wp:author_first_name><wp:author_last_name><![CDATA[Rouarch]]></wp:author_last_name></wp:author>
	<wp:author><wp:author_id>11</wp:author_id><wp:author_login><![CDATA[SylvieD]]></wp:author_login><wp:author_email><![CDATA[sylvie.delanoy@bbox.fr]]></wp:author_email><wp:author_display_name><![CDATA[SylvieD]]></wp:author_display_name><wp:author_first_name><![CDATA[]]></wp:author_first_name><wp:author_last_name><![CDATA[]]></wp:author_last_name></wp:author>

	<wp:category>
		<wp:term_id>34</wp:term_id>
		<wp:category_nicename><![CDATA[les-autres-rendez-vous]]></wp:category_nicename>
		<wp:category_parent><![CDATA[]]></wp:category_parent>
		<wp:cat_name><![CDATA[Les autres Rendez-vous]]></wp:cat_name>
	</wp:category>

	<generator>https://wordpress.org/?v=4.9.5</generator>

<image>
	<url>https://www.networking-morbihan.com/wp-content/uploads/2017/09/cropped-picot-nw56-32x32.png</url>
	<title>Networking Morbihan</title>
	<link>https://www.networking-morbihan.com</link>
	<width>32</width>
	<height>32</height>
</image> 

	<item>
		<title>La machine à café virtuelle testée par Networking-Morbihan</title>
		<link>https://www.networking-morbihan.com/la-machine-a-cafe-virtuelle-testee-par-networking-morbihan</link>
		<pubDate>Sat, 15 Oct 2011 13:22:08 +0000</pubDate>
		<dc:creator><![CDATA[fab56]]></dc:creator>
		<guid isPermaLink="false">http://networking-morbihan.com/?p=781</guid>
		<description></description>
		<content:encoded><![CDATA[<p>Vendredi 21 octobre, à partir de 9h30, Restaurant "Les Rives du Ter", Larmor-Plage, Lorient.</p>
<p><img src="http://networking-morbihan.com/wp-content/uploads/2011/10/websize1.jpeg" alt="NetWorking Café" title="NetWorking Café" width="300" height="174" class="alignleft size-full wp-image-794" /></p>
<p>Avez-vous déjà pris un café, seul(e) face à votre ordinateur ? Pas très convivial n'est-ce pas ?</p>
<p>Une étude réalisée en France par les instituts LH2 et Market Vision révèle que la pause café est pour 80 % des DRH un facteur d’augmentation de la productivité et d’avancement des projets.</p>
<p>Alors si vous retrouviez cette pratique autour de vraies rencontres le temps d'un <a href="http://networking-morbihan.com/networking-cafe" title="Networking café">Networking Café</a> ?</p>
<p>Nous voulons aussi profiter de ce message pour saluer nos nouveaux adhérents : Pascale FILLOUX (Honneur aux dames ...), Marc DUNAND et Stéphane LEGRAND. Merci à eux de nous faire confiance ! Nous sommes certains qu'ils ne le regretterons pas !</p>
<p>Vous souhaitez avoir une idée des autres personnes qui participeront au prochaine NetWorking Café ? Alors <a href="http://www.viadeo.com/fr/event/006tzosv5a96eoo/la-machine-a-cafe-virtuelle-.-kezako" rel='nofollow'>consulter notre événement sur viadeo</a> et n'oubliez pas de vous inscrire vous-même ! </p>
<p>Rendez-vous donc vendredi matin aux Rives du Ter à Larmor-Plage. (près de Géant Lorient). Nous comptons sur vous !</p>
]]></content:encoded>
		<excerpt:encoded><![CDATA[]]></excerpt:encoded>
		<wp:post_id>781</wp:post_id>
		<wp:post_date><![CDATA[2011-10-15 13:22:08]]></wp:post_date>
		<wp:post_date_gmt><![CDATA[2011-10-15 13:22:08]]></wp:post_date_gmt>
		<wp:comment_status><![CDATA[open]]></wp:comment_status>
		<wp:ping_status><![CDATA[open]]></wp:ping_status>
		<wp:post_name><![CDATA[la-machine-a-cafe-virtuelle-testee-par-networking-morbihan]]></wp:post_name>
		<wp:status><![CDATA[publish]]></wp:status>
		<wp:post_parent>0</wp:post_parent>
		<wp:menu_order>0</wp:menu_order>
		<wp:post_type><![CDATA[post]]></wp:post_type>
		<wp:post_password><![CDATA[]]></wp:post_password>
		<wp:is_sticky>0</wp:is_sticky>
		<category domain="category" nicename="les-autres-rendez-vous"><![CDATA[Les autres Rendez-vous]]></category>
		<wp:postmeta>
			<wp:meta_key><![CDATA[_edit_last]]></wp:meta_key>
			<wp:meta_value><![CDATA[4]]></wp:meta_value>
		</wp:postmeta>
		<wp:postmeta>
			<wp:meta_key><![CDATA[_edit_last]]></wp:meta_key>
			<wp:meta_value><![CDATA[4]]></wp:meta_value>
		</wp:postmeta>
	</item>
	<item>
		<title>NetWorking Morbihan était au Quai des réseaux !</title>
		<link>https://www.networking-morbihan.com/quai-des-reseaux</link>
		<pubDate>Wed, 09 Nov 2011 17:08:43 +0000</pubDate>
		<dc:creator><![CDATA[fab56]]></dc:creator>
		<guid isPermaLink="false">http://networking-morbihan.com/?p=838</guid>
		<description></description>
		<content:encoded><![CDATA[<p>Le 15 novembre 2011, l'équipe du NetWorking Morbihan était présente au quai des réseaux !</p>
<p><img title="Quai des réseaux 2011" src="http://networking-morbihan.com/wp-content/uploads/2011/11/BANDEAU_QDR.jpg" alt="Quai des réseaux 2011" width="500" height="114" /></p>
<p>Un an après sa création, Networking Morbihan remercie la CCI du Morbihan pour l'organisation de la soirée <a title="Quai des réseaux 2011" href="http://www.quaidesreseaux56.fr/" target="_blank">quai des réseaux 56</a> qui était une fois de plus très conviviale. Des soirées comme la capitale nous envie !... (dixit des consultants parisiens) et Networking Morbihan y était. Nous en profitons pour remercier les membres virtuels qui communiquent via <a title="Hub" href="http://www.viadeo.com/hub/accueil/?containerId=002ei9xxax09ut9" target="_blank">notre Hub viadeo</a>, ainsi que ceux qui ont participé à nos soirées. Le thème de la prochaine soirée IRL du mardi 13 décembre vous sera communiqué prochainement, réservez déjà votre agenda à partir de 19h. Nous avons croisé sur notre stand des compétences susceptibles de répondre à vos besoins que nous voulons vous présenter ici. N'hésitez pas à consulter leur site internet (au moins pour savoir que cela existe près de chez vous) : </p>
<ul>
<li><a href="http://www.breizhworld.com" target="_blank">Le réseau social breton</a></li>
<li><a href="http://www.meetoyen.net" target="_blank">Le web mitoyen</a></li>
<li><a href="http://www.free-volt.fr" target="_blank">Solutions pour déplacements verts en liberté</a></li>
<li><a href="http://www.englishwhynot.fr" target="_blank">Programme d'immersion en anglais</a></li>
<li><a href="http://www.galahad-center.com" target="_blank">Formation adulte en anglais et cours étudiants</a></li>
<li><a href="http://www.invitro-paysagisme.fr" target="_blank">Paysagiste d'intérieur</a></li>
<li><a href="http://www.massage-vannes.com" target="_blank">Massage bien être du monde</a></li>
<li><a href="http://www.deltadrum.com" target="_blank">Instrument de musique batterie en ligne</a></li>
<li><a href="http://www.mobilboard.com" target="_blank">Toutes les possibilités du Gyropode</a></li>
<li><a href="http://www.cactus-animation.fr" target="_blank">Agence d'animation</a></li>
<li><a href="http://www.anakeyn.com" target="_blank">Outils en ligne permettant de mieux connaître la visibilité de son site Web</a></li>
<li><a href="http://www.qoelis.fr" target="_blank">Création de site internet, identité visuelle</a></li>
<li><a href="http://assistburo.blogspot.com" target="_blank">Secrétariat sur mesure</a></li>
<li><a href="http://www.oxidesign.fr" target="_blank">Site internet, formation, conseil en médias sociaux</a></li>
<li><a href="http://www.agoraservices.fr" target="_blank">Emploi, formation, logements, restauration, accueil de groupes, groupement d'achats</a></li>
<li><a href="http://www.webpatron.fr" target="_blank">Agence médias sociaux</a></li>
<li><a href="http://www.cegefi-conseils.fr" target="_blank">Société d'expertise comptable</a></li>
<li><a href="http://www.formation.morbihan.cci.fr" target="_blank">Formation professionnelle</a></li>
<li><a href="http://www.cecilebonnet.wordpress.com" target="_blank">Richesses en herbes</a></li>
<li><a href="http://www.aleos2i.fr" target="_blank">Responsable informatique</a></li>
<li><a href="http://www.globalpax.fr" target="_blank">Centre de formation</a></li>
</ul>
<p>Dans l'attente de partager avec vous les valeurs de notre réseau :<br/><br />
- Ouvert à tous,<br />
- Partager pour réussir ensemble,<br />
- Des frais réduits de participation.</p>
<p>A bientôt !</p>
<p>PS : pour finir, vous trouverez ci-dessous quelques photos prises durant le quai des réseaux !</p>
<p><a href="http://networking-morbihan.com/wp-content/uploads/2011/11/quai-des-reseaux-2011-01.jpg"><img class="aligncenter size-medium wp-image-853" title="quai-des-reseaux-2011-01" src="http://networking-morbihan.com/wp-content/uploads/2011/11/quai-des-reseaux-2011-01-300x225.jpg" alt="Quai des réseaux 2011" width="300" height="225" /></a><br /> <a href="http://networking-morbihan.com/wp-content/uploads/2011/11/quai-des-reseaux-2011-02.jpg"><img class="size-medium wp-image-854" title="quai-des-reseaux-2011-02" src="http://networking-morbihan.com/wp-content/uploads/2011/11/quai-des-reseaux-2011-02-300x225.jpg" alt="Quai des réseaux 2011" width="300" height="225" /></a></p>
]]></content:encoded>
		<excerpt:encoded><![CDATA[]]></excerpt:encoded>
		<wp:post_id>838</wp:post_id>
		<wp:post_date><![CDATA[2011-11-09 17:08:43]]></wp:post_date>
		<wp:post_date_gmt><![CDATA[2011-11-09 17:08:43]]></wp:post_date_gmt>
		<wp:comment_status><![CDATA[open]]></wp:comment_status>
		<wp:ping_status><![CDATA[open]]></wp:ping_status>
		<wp:post_name><![CDATA[quai-des-reseaux]]></wp:post_name>
		<wp:status><![CDATA[publish]]></wp:status>
		<wp:post_parent>0</wp:post_parent>
		<wp:menu_order>0</wp:menu_order>
		<wp:post_type><![CDATA[post]]></wp:post_type>
		<wp:post_password><![CDATA[]]></wp:post_password>
		<wp:is_sticky>0</wp:is_sticky>
		<category domain="category" nicename="les-autres-rendez-vous"><![CDATA[Les autres Rendez-vous]]></category>
		<wp:postmeta>
			<wp:meta_key><![CDATA[_edit_last]]></wp:meta_key>
			<wp:meta_value><![CDATA[4]]></wp:meta_value>
		</wp:postmeta>
		<wp:postmeta>
			<wp:meta_key><![CDATA[_edit_last]]></wp:meta_key>
			<wp:meta_value><![CDATA[4]]></wp:meta_value>
		</wp:postmeta>
		<wp:comment>
			<wp:comment_id>23</wp:comment_id>
			<wp:comment_author><![CDATA[Marc]]></wp:comment_author>
			<wp:comment_author_email><![CDATA[infos@qoelis.fr]]></wp:comment_author_email>
			<wp:comment_author_url>http://www.qoelis.fr</wp:comment_author_url>
			<wp:comment_author_IP><![CDATA[93.29.166.22]]></wp:comment_author_IP>
			<wp:comment_date><![CDATA[2011-11-20 13:49:07]]></wp:comment_date>
			<wp:comment_date_gmt><![CDATA[2011-11-20 13:49:07]]></wp:comment_date_gmt>
			<wp:comment_content><![CDATA[Oui : merci à tous.]]></wp:comment_content>
			<wp:comment_approved><![CDATA[1]]></wp:comment_approved>
			<wp:comment_type><![CDATA[]]></wp:comment_type>
			<wp:comment_parent>0</wp:comment_parent>
			<wp:comment_user_id>0</wp:comment_user_id>
		</wp:comment>
		<wp:comment>
			<wp:comment_id>22</wp:comment_id>
			<wp:comment_author><![CDATA[Pierre]]></wp:comment_author>
			<wp:comment_author_email><![CDATA[prouarch@gmail.com]]></wp:comment_author_email>
			<wp:comment_author_url>http://www.anakeyn.com</wp:comment_author_url>
			<wp:comment_author_IP><![CDATA[86.72.113.31]]></wp:comment_author_IP>
			<wp:comment_date><![CDATA[2011-11-19 16:29:06]]></wp:comment_date>
			<wp:comment_date_gmt><![CDATA[2011-11-19 16:29:06]]></wp:comment_date_gmt>
			<wp:comment_content><![CDATA[Merci à tous pour cette excellente soirée]]></wp:comment_content>
			<wp:comment_approved><![CDATA[1]]></wp:comment_approved>
			<wp:comment_type><![CDATA[]]></wp:comment_type>
			<wp:comment_parent>0</wp:comment_parent>
			<wp:comment_user_id>0</wp:comment_user_id>
		</wp:comment>
	</item>
	<item>
		<title>NetWorking Morbihan sera au Quai des réseaux 2013.</title>
		<link>https://www.networking-morbihan.com/networking-morbihan-sera-au-quai-des-reseaux-2013</link>
		<pubDate>Mon, 21 Oct 2013 09:43:51 +0000</pubDate>
		<dc:creator><![CDATA[fab56]]></dc:creator>
		<guid isPermaLink="false">http://networking-morbihan.com/?p=2007</guid>
		<description></description>
		<content:encoded><![CDATA[<p>Pour la troisième année, <strong>NetWorking Morbihan</strong> sera présent au <strong>"Quai des réseaux"</strong>, manifestation organisée par la CCI du Morbihan, <strong>le jeudi 7 novembre à partir de 18h30</strong> au Palais des Congrès de Lorient.</p>
<p><img class="alignleft size-full wp-image-2008" alt="Quai des réseaux 2013" src="http://networking-morbihan.com/wp-content/uploads/2013/10/LOGO_QUAI_DES_RESEAUX.jpg" width="591" height="147" /></p>
<p>Comme chaque année, c'est l'occasion pour toute personne intéressée de venir à la rencontre des différents réseaux actifs dans la région qu'ils soient thématiques, transversaux...</p>
<p><strong>N'hésitez pas à passer sur notre stand</strong> pour que nous vous renseignions sur les différentes activités proposées par notre association, nos objectifs, nos prochains événements et projets en cours de réalisation.</p>
<p>La soirée débutera par une conférence de <strong>Pascal GOURSAUD</strong> : <em>"Le partenariat stratégique: s'unir aujourd'hui pour gagner demain",</em> suivie par une table ronde où des chefs d'entreprises bretons viendront témoigner de partenariats inter-entreprises sources de réussite.</p>
<p>A partir de 20H vous pourrez nous retrouver sur notre stand. Nous serons dans la zone dédiée aux "Réseaux Transversaux".</p>
<p><strong>Nous comptons sur votre visite!</strong></p>
<p>Pour vous inscrire à la soirée, utilisez le lien suivant :</p>
<p><a title="Lien inscription" href="http://www.quaidesreseaux56.fr/?mode=soiree-reseaux-inscription" target="_blank"><img class="aligncenter size-full wp-image-2009" alt="Inscription soirée" src="http://networking-morbihan.com/wp-content/uploads/2013/10/INSCRIVEZ-VOUS.jpg" width="120" height="63" /></a></p>
<p>Pierre Rouarch, notre président c'est fait interviewé par TébéSud lors de cette soirée. Voici la vidéo (vers 2'30") :</p>
<p><object type="application/x-shockwave-flash" width="640px" height="380px" data="http://streaming1.extrazimut.net/players/lecteurtytele.swf?video=mp4:20131108_LES_INFOS&lien=%3Fmode=numEmission%26id=52655&titre=%253E%253E%2BLes%2BInfos%2B%252D%2Bvendredi%2B8%2Bnovembre%2B2013"><param name="movie" value="http://streaming1.extrazimut.net/players/lecteurtytele.swf?video=mp4:20131108_LES_INFOS&lien=%3Fmode=numEmission%26id=52655&titre=%253E%253E%2BLes%2BInfos%2B%252D%2Bvendredi%2B8%2Bnovembre%2B2013" /><param name="salign" value="lt" /><param name="allowFullScreen" value="true" /></object></p>
]]></content:encoded>
		<excerpt:encoded><![CDATA[]]></excerpt:encoded>
		<wp:post_id>2007</wp:post_id>
		<wp:post_date><![CDATA[2013-10-21 09:43:51]]></wp:post_date>
		<wp:post_date_gmt><![CDATA[2013-10-21 09:43:51]]></wp:post_date_gmt>
		<wp:comment_status><![CDATA[open]]></wp:comment_status>
		<wp:ping_status><![CDATA[open]]></wp:ping_status>
		<wp:post_name><![CDATA[networking-morbihan-sera-au-quai-des-reseaux-2013]]></wp:post_name>
		<wp:status><![CDATA[publish]]></wp:status>
		<wp:post_parent>0</wp:post_parent>
		<wp:menu_order>0</wp:menu_order>
		<wp:post_type><![CDATA[post]]></wp:post_type>
		<wp:post_password><![CDATA[]]></wp:post_password>
		<wp:is_sticky>0</wp:is_sticky>
		<category domain="category" nicename="blog"><![CDATA[Actualités]]></category>
		<category domain="category" nicename="les-autres-rendez-vous"><![CDATA[Les autres Rendez-vous]]></category>
		<wp:postmeta>
			<wp:meta_key><![CDATA[_edit_last]]></wp:meta_key>
			<wp:meta_value><![CDATA[4]]></wp:meta_value>
		</wp:postmeta>
		<wp:postmeta>
			<wp:meta_key><![CDATA[_thumbnail_id]]></wp:meta_key>
			<wp:meta_value><![CDATA[2008]]></wp:meta_value>
		</wp:postmeta>
		<wp:postmeta>
			<wp:meta_key><![CDATA[_genesis_title]]></wp:meta_key>
			<wp:meta_value><![CDATA[Quai des réseaux 2013]]></wp:meta_value>
		</wp:postmeta>
		<wp:postmeta>
			<wp:meta_key><![CDATA[_genesis_description]]></wp:meta_key>
			<wp:meta_value><![CDATA[Quai des réseaux 2013 : venez rencontrer l&#039;association NetWorking Morbihan le 7 novembre 2013 au Quai des réseaux.]]></wp:meta_value>
		</wp:postmeta>
		<wp:postmeta>
			<wp:meta_key><![CDATA[_edit_last]]></wp:meta_key>
			<wp:meta_value><![CDATA[4]]></wp:meta_value>
		</wp:postmeta>
		<wp:postmeta>
			<wp:meta_key><![CDATA[_thumbnail_id]]></wp:meta_key>
			<wp:meta_value><![CDATA[2008]]></wp:meta_value>
		</wp:postmeta>
		<wp:postmeta>
			<wp:meta_key><![CDATA[_genesis_title]]></wp:meta_key>
			<wp:meta_value><![CDATA[Quai des réseaux 2013]]></wp:meta_value>
		</wp:postmeta>
		<wp:postmeta>
			<wp:meta_key><![CDATA[_genesis_description]]></wp:meta_key>
			<wp:meta_value><![CDATA[Quai des réseaux 2013 : venez rencontrer l&#039;association NetWorking Morbihan le 7 novembre 2013 au Quai des réseaux.]]></wp:meta_value>
		</wp:postmeta>
	</item>
	<item>
		<title>NetWorking Morbihan sera au Quai des Réseaux 2014</title>
		<link>https://www.networking-morbihan.com/networking-morbihan-sera-au-quai-des-reseaux-2014</link>
		<pubDate>Mon, 13 Oct 2014 16:42:28 +0000</pubDate>
		<dc:creator><![CDATA[prouarch]]></dc:creator>
		<guid isPermaLink="false">http://networking-morbihan.com/?p=2673</guid>
		<description></description>
		<content:encoded><![CDATA[<p>Pour la quatrième année consécutive, <strong>NetWorking Morbihan</strong> sera présent au <strong>"Quai des réseaux"</strong>, manifestation organisée par la CCI du Morbihan, <strong>le mardi 18 novembre 2014 à partir de 18h30</strong> au Palais des Congrès de Lorient.</p>
<p><img class="aligncenter" alt="Quai des réseaux 2013" src="http://networking-morbihan.com/wp-content/uploads/2013/10/LOGO_QUAI_DES_RESEAUX.jpg" width="591" height="147" /></p>
<p>Comme chaque année, c'est l'occasion pour toute personne intéressée de venir à la rencontre des différents réseaux actifs dans la région qu'ils soient thématiques, transversaux...</p>
<p><strong>N'hésitez pas à passer sur notre stand</strong> pour que nous vous renseignions sur les différentes activités proposées par notre association, nos objectifs, nos prochains événements et projets en cours de réalisation.</p>
<p>La soirée débutera par une conférence de <strong>Jean-Paul BETBEZE</strong>, économiste : <strong>"PME/PMI: l'urgence d'agir ensemble", </strong><strong>Gagner des parts de marché en travaillant ensemble</strong>.</p>
<p>A partir de 20H15 vous pourrez nous retrouver sur notre stand. Nous serons dans la zone dédiée aux "Réseaux Transversaux".</p>
<p><strong>Nous comptons sur votre visite!</strong></p>
<p>Pour vous inscrire à la soirée, utilisez le lien suivant :</p>
<p><a title="Lien inscription" href="http://www.quaidesreseaux56.fr/?mode=soiree-reseaux-inscription" target="_blank"><img alt="Inscription soirée" src="http://networking-morbihan.com/wp-content/uploads/2013/10/INSCRIVEZ-VOUS.jpg" width="120" height="63" /></a></p>]]></content:encoded>
		<excerpt:encoded><![CDATA[]]></excerpt:encoded>
		<wp:post_id>2673</wp:post_id>
		<wp:post_date><![CDATA[2014-10-13 16:42:28]]></wp:post_date>
		<wp:post_date_gmt><![CDATA[2014-10-13 16:42:28]]></wp:post_date_gmt>
		<wp:comment_status><![CDATA[open]]></wp:comment_status>
		<wp:ping_status><![CDATA[open]]></wp:ping_status>
		<wp:post_name><![CDATA[networking-morbihan-sera-au-quai-des-reseaux-2014]]></wp:post_name>
		<wp:status><![CDATA[publish]]></wp:status>
		<wp:post_parent>0</wp:post_parent>
		<wp:menu_order>0</wp:menu_order>
		<wp:post_type><![CDATA[post]]></wp:post_type>
		<wp:post_password><![CDATA[]]></wp:post_password>
		<wp:is_sticky>0</wp:is_sticky>
		<category domain="post_tag" nicename="2014"><![CDATA[2014]]></category>
		<category domain="category" nicename="blog"><![CDATA[Actualités]]></category>
		<category domain="category" nicename="les-autres-rendez-vous"><![CDATA[Les autres Rendez-vous]]></category>
		<category domain="post_tag" nicename="networking-morbihan"><![CDATA[networking morbihan]]></category>
		<category domain="post_tag" nicename="quai-des-reseaux"><![CDATA[quai des réseaux]]></category>
		<category domain="post_tag" nicename="reseauter"><![CDATA[réseauter]]></category>
		<wp:postmeta>
			<wp:meta_key><![CDATA[_edit_last]]></wp:meta_key>
			<wp:meta_value><![CDATA[10]]></wp:meta_value>
		</wp:postmeta>
		<wp:postmeta>
			<wp:meta_key><![CDATA[_thumbnail_id]]></wp:meta_key>
			<wp:meta_value><![CDATA[839]]></wp:meta_value>
		</wp:postmeta>
		<wp:postmeta>
			<wp:meta_key><![CDATA[_edit_last]]></wp:meta_key>
			<wp:meta_value><![CDATA[10]]></wp:meta_value>
		</wp:postmeta>
		<wp:postmeta>
			<wp:meta_key><![CDATA[_thumbnail_id]]></wp:meta_key>
			<wp:meta_value><![CDATA[839]]></wp:meta_value>
		</wp:postmeta>
	</item>
	<item>
		<title>Vous voulez réseauter à Lorient? NW56, what else?</title>
		<link>https://www.networking-morbihan.com/vous-voulez-reseauter-a-lorient-nw56-what-else</link>
		<pubDate>Sun, 28 Aug 2016 21:23:01 +0000</pubDate>
		<dc:creator><![CDATA[SylvieD]]></dc:creator>
		<guid isPermaLink="false">http://networking-morbihan.com/?p=3718</guid>
		<description></description>
		<content:encoded><![CDATA[<a href="http://networking-morbihan.com/wp-content/uploads/2016/08/accueil-bar-01-360-web.jpg"><img class="aligncenter size-full wp-image-3719" src="http://networking-morbihan.com/wp-content/uploads/2016/08/accueil-bar-01-360-web.jpg" alt="Stitched Panorama" width="800" height="330" /></a>

Nouveau professionnel sur le secteur lorientais?

En création ou reprise d'entreprise ?

Entre deux projets ?

Compétences, expertise à partager ?

Envie d'échanger, comparer votre expérience ?

Entrepreneur, salarié, étudiant, notre réseau est ouvert à tous et cultive cette transversalité et la convivialité. Pour un premier contact, venez au Networking Café, what else ?

Reprise le vendredi 2 septembre Rives du Ter
<p style="text-align: left;"><a href="http://networking-morbihan.com/networking-cafe"><strong>EN SAVOIR PLUS</strong></a></p>
[wpgmappity id="3"]]]></content:encoded>
		<excerpt:encoded><![CDATA[]]></excerpt:encoded>
		<wp:post_id>3718</wp:post_id>
		<wp:post_date><![CDATA[2016-08-28 22:23:01]]></wp:post_date>
		<wp:post_date_gmt><![CDATA[2016-08-28 21:23:01]]></wp:post_date_gmt>
		<wp:comment_status><![CDATA[open]]></wp:comment_status>
		<wp:ping_status><![CDATA[open]]></wp:ping_status>
		<wp:post_name><![CDATA[vous-voulez-reseauter-a-lorient-nw56-what-else]]></wp:post_name>
		<wp:status><![CDATA[publish]]></wp:status>
		<wp:post_parent>0</wp:post_parent>
		<wp:menu_order>0</wp:menu_order>
		<wp:post_type><![CDATA[post]]></wp:post_type>
		<wp:post_password><![CDATA[]]></wp:post_password>
		<wp:is_sticky>0</wp:is_sticky>
		<category domain="post_tag" nicename="creation"><![CDATA[Création]]></category>
		<category domain="post_tag" nicename="entreprise"><![CDATA[Entreprise]]></category>
		<category domain="category" nicename="les-autres-rendez-vous"><![CDATA[Les autres Rendez-vous]]></category>
		<category domain="post_tag" nicename="lorient"><![CDATA[lorient]]></category>
		<category domain="post_tag" nicename="reseautage"><![CDATA[réseautage]]></category>
		<wp:postmeta>
			<wp:meta_key><![CDATA[_edit_last]]></wp:meta_key>
			<wp:meta_value><![CDATA[11]]></wp:meta_value>
		</wp:postmeta>
		<wp:postmeta>
			<wp:meta_key><![CDATA[_jsps_metabox_hide_buttons]]></wp:meta_key>
			<wp:meta_value><![CDATA[off]]></wp:meta_value>
		</wp:postmeta>
		<wp:postmeta>
			<wp:meta_key><![CDATA[_edit_last]]></wp:meta_key>
			<wp:meta_value><![CDATA[11]]></wp:meta_value>
		</wp:postmeta>
		<wp:postmeta>
			<wp:meta_key><![CDATA[_jsps_metabox_hide_buttons]]></wp:meta_key>
			<wp:meta_value><![CDATA[off]]></wp:meta_value>
		</wp:postmeta>
	</item>
	<item>
		<title>Networking Morbihan sera à Connect’in Lorient le 14 Novembre.</title>
		<link>https://www.networking-morbihan.com/nw56-connectin-lorient-14-novembre</link>
		<pubDate>Wed, 25 Oct 2017 10:19:41 +0000</pubDate>
		<dc:creator><![CDATA[prouarch]]></dc:creator>
		<guid isPermaLink="false">http://www.networking-morbihan.com/?p=4072</guid>
		<description></description>
		<content:encoded><![CDATA[<a href="http://networking-morbihan.com/wp-content/uploads/2017/10/NW56-Connectin-Site.png"><img src="http://networking-morbihan.com/wp-content/uploads/2017/10/NW56-Connectin-Site.png" alt="NW56 Connectin-Lorient" width="600"  class="aligncenter size-full wp-image-4073" /></a>

Bonjour à chacune et à chacun,

Peut-être que certains d'entre vous sont au courant mais cette année Quai des Réseaux est couplé à Web in Lorient pour un événement qui s'appelle "Connect'in Lorient"

Voir ici <a href="https://connectin-lorient.fr/" title="Conect'in Lorient" target="_blank">https://connectin-lorient.fr/</a>

L'événement est le mardi 14 novembre et bien évidemment Networking Morbihan y sera présent comme chaque année.

<h3>Notez bien les éléments suivants :</h3>

Pour cet événement couplé,  seuls les "ateliers XXL" sont payants :  vous pouvez aller à la conférence inaugurale de Fred Cavazza à 13h30 visiter le show room et ensuite vous pouvez  revenir à Quai des réseaux à 18h30 et voir la conférence sur l'intelligence artificielle à 19 h puis participer à la soirée à 20 h

L’accueil à Quai des réseaux à proprement parlé commence à 18h30  !

Pendant la soirée (à partir de 20h) nous serons présents sur notre stand, <strong>n’hésitez pas à nous visiter</strong>.

Attention pour participer à l'événement (même de façon gratuite) <strong>vous devez absolument vous inscrire</strong> !

<strong>Pour s'inscrire</strong> c'est ici  <a href="https://connectin-lorient.fr/billetterie/" title="Inscription Connect'in" target="_blank">https://connectin-lorient.fr/billetterie/ </a>

A bientôt,

Pierre pour Networking Morbihan

]]></content:encoded>
		<excerpt:encoded><![CDATA[]]></excerpt:encoded>
		<wp:post_id>4072</wp:post_id>
		<wp:post_date><![CDATA[2017-10-25 11:19:41]]></wp:post_date>
		<wp:post_date_gmt><![CDATA[2017-10-25 10:19:41]]></wp:post_date_gmt>
		<wp:comment_status><![CDATA[open]]></wp:comment_status>
		<wp:ping_status><![CDATA[open]]></wp:ping_status>
		<wp:post_name><![CDATA[nw56-connectin-lorient-14-novembre]]></wp:post_name>
		<wp:status><![CDATA[publish]]></wp:status>
		<wp:post_parent>0</wp:post_parent>
		<wp:menu_order>0</wp:menu_order>
		<wp:post_type><![CDATA[post]]></wp:post_type>
		<wp:post_password><![CDATA[]]></wp:post_password>
		<wp:is_sticky>0</wp:is_sticky>
		<category domain="category" nicename="a-la-une"><![CDATA[A la une]]></category>
		<category domain="category" nicename="blog"><![CDATA[Actualités]]></category>
		<category domain="category" nicename="les-autres-rendez-vous"><![CDATA[Les autres Rendez-vous]]></category>
		<wp:postmeta>
			<wp:meta_key><![CDATA[_jsps_metabox_hide_buttons]]></wp:meta_key>
			<wp:meta_value><![CDATA[off]]></wp:meta_value>
		</wp:postmeta>
		<wp:postmeta>
			<wp:meta_key><![CDATA[_jsps_metabox_hide_buttons]]></wp:meta_key>
			<wp:meta_value><![CDATA[off]]></wp:meta_value>
		</wp:postmeta>
		<wp:postmeta>
			<wp:meta_key><![CDATA[_edit_last]]></wp:meta_key>
			<wp:meta_value><![CDATA[5]]></wp:meta_value>
		</wp:postmeta>
		<wp:postmeta>
			<wp:meta_key><![CDATA[_thumbnail_id]]></wp:meta_key>
			<wp:meta_value><![CDATA[4073]]></wp:meta_value>
		</wp:postmeta>
		<wp:postmeta>
			<wp:meta_key><![CDATA[_genesis_title]]></wp:meta_key>
			<wp:meta_value><![CDATA[Networking Morbihan sera à Connect’in Lorient le 14 Novembre]]></wp:meta_value>
		</wp:postmeta>
		<wp:postmeta>
			<wp:meta_key><![CDATA[_genesis_description]]></wp:meta_key>
			<wp:meta_value><![CDATA[Networking Morbihan sera présent à la soirée Quai des Réseaux organisée dans le cadre de Connect&#039;in Lorient le 14 novembre 2017 à partir de 18h30 au Palais des Congrès.]]></wp:meta_value>
		</wp:postmeta>
		<wp:postmeta>
			<wp:meta_key><![CDATA[_genesis_keywords]]></wp:meta_key>
			<wp:meta_value><![CDATA[Quai des Réseaux, Connect&#039;in Lorient, Networking, Réseau]]></wp:meta_value>
		</wp:postmeta>
	</item>
	<item>
		<title>Networking Morbihan au Forum de la création d&#039;entreprise le 26 Septembre 2013</title>
		<link>https://www.networking-morbihan.com/networking-morbihan-au-forum-de-la-creation-dentreprise-le-26-septembre-2013-2</link>
		<pubDate>Mon, 16 Sep 2013 08:49:02 +0000</pubDate>
		<dc:creator><![CDATA[prouarch]]></dc:creator>
		<guid isPermaLink="false">http://www.networking-morbihan.com/?p=1899</guid>
		<description></description>
		<content:encoded><![CDATA[<p>Le 26 septembre 2013 de 14 heures à 18 heures, venez rencontrer Networking Morbihan au <strong>Forum de la Création d'Entreprise pour Tous</strong> organisé par <a title="ARPE - Pays de Lorient" href="http://www.paysdelorient.com/" target="_blank">l'ARPE </a>au Palais des Congrès de Lorient.</p>
<p><img class="size-full wp-image-1918 aligncenter" alt="5a4llj48" src="http://www.networking-morbihan.com/wp-content/uploads/2013/09/5a4llj48.png" width="590" height="400" /></p>
<h2>Qu'est-ce que l'ARPE ?</h2>
<p>L'ARPE - Association Réseaux Pour l'Emploi - du Pays de Lorient est une structure portée par Lorient Agglomération, la communauté de Commune Blavet Océan le Conseil Général du Morbihan avec le concours de l'Etat.</p>
<p>Cette association à pour objectif de mettre en cohérence les acteurs de l'emploi et leurs actions sur le Territoire du Pays de Lorient.</p>
<h2>Le Forum la Création d'Entreprise pour Tous</h2>
<p>"Cette manifestation a pour ambition de développer la culture entrepreneuriale, de susciter l’envie d’entreprendre, de rompre l’isolement du créateur, de sensibiliser le porteur de projet à l’accompagnement sur son idée ou projet de création."</p>
<p>Le forum est gratuit et ouvert à tous et se tiendra le 26 septembre 2013 de 14 heures à 18 heures au Palais des Congrès de Lorient, quai Gustave Mansion 56100.</p>
<p><iframe src="https://maps.google.fr/maps?oe=utf-8&amp;client=firefox-a&amp;ie=UTF8&amp;q=Palais+des+Congr%C3%A8s&amp;fb=1&amp;gl=fr&amp;hq=Palais+des+Congr%C3%A8s&amp;hnear=0x48105e56aa6609ed:0xa93367770ccde4ea,Lorient&amp;cid=0,0,900471472766434121&amp;ll=47.747808,-3.360465&amp;spn=0.006295,0.006295&amp;t=m&amp;output=embed" height="350" width="425" frameborder="0" marginwidth="0" marginheight="0" scrolling="no"></iframe><br /><small><a style="color: #0000ff; text-align: left;" href="https://maps.google.fr/maps?oe=utf-8&amp;client=firefox-a&amp;ie=UTF8&amp;q=Palais+des+Congr%C3%A8s&amp;fb=1&amp;gl=fr&amp;hq=Palais+des+Congr%C3%A8s&amp;hnear=0x48105e56aa6609ed:0xa93367770ccde4ea,Lorient&amp;cid=0,0,900471472766434121&amp;ll=47.747808,-3.360465&amp;spn=0.006295,0.006295&amp;t=m&amp;source=embed">Agrandir le plan</a></small></p>
<p><a title="Programme creation entreprise pour tous" href="http://www.paysdelorient.com/fileadmin/user_upload/maison-emploi/Site_ARPE/Fichiers_Actus/Flyer_La_creation_d_entreprise_pour_tous.pdfhttp://" target="_blank">Téléchargez le Programme du Forum de la Création d'Entreprise pour Tous</a></p>
<h2>Venez nous rencontrer et nous rejoindre !</h2>
<p>Venez nous rencontrer lors de ce forum, Networking Mornbihan tiendra un stand dans la zone "Echanger avec les entrepreneurs et avec les réseaux" au deuxième étage du Palais des congrès dans la zone verte à droite sur le Plan.</p>
<p><a href="http://www.networking-morbihan.com/wp-content/uploads/2013/09/Plan-Creation-entreprise.jpg"><img class="aligncenter size-full wp-image-1907" alt="Plan Forum Creation Entreprise" src="http://www.networking-morbihan.com/wp-content/uploads/2013/09/Plan-Creation-entreprise.jpg" width="591" height="509" /></a></p>
<p>Rejoindre un réseau comme Networking Morbihan c'est éviter l'isolement du Chef d'entreprise, bénéficier de conseils et de soutiens d'autres entrepreneurs comme vous, échanger pour affiner votre projet, générer des contacts professionnels, gagner en visibilité sur vos marchés futurs...</p>
<p>NE RESTEZ PAS SEUL !</p>]]></content:encoded>
		<excerpt:encoded><![CDATA[]]></excerpt:encoded>
		<wp:post_id>4097</wp:post_id>
		<wp:post_date><![CDATA[2013-09-16 08:49:02]]></wp:post_date>
		<wp:post_date_gmt><![CDATA[2013-09-16 08:49:02]]></wp:post_date_gmt>
		<wp:comment_status><![CDATA[open]]></wp:comment_status>
		<wp:ping_status><![CDATA[open]]></wp:ping_status>
		<wp:post_name><![CDATA[networking-morbihan-au-forum-de-la-creation-dentreprise-le-26-septembre-2013-2]]></wp:post_name>
		<wp:status><![CDATA[publish]]></wp:status>
		<wp:post_parent>0</wp:post_parent>
		<wp:menu_order>0</wp:menu_order>
		<wp:post_type><![CDATA[post]]></wp:post_type>
		<wp:post_password><![CDATA[]]></wp:post_password>
		<wp:is_sticky>0</wp:is_sticky>
		<category domain="category" nicename="blog"><![CDATA[Actualités]]></category>
		<category domain="post_tag" nicename="creation"><![CDATA[Création]]></category>
		<category domain="post_tag" nicename="entreprise"><![CDATA[Entreprise]]></category>
		<category domain="category" nicename="les-autres-rendez-vous"><![CDATA[Les autres Rendez-vous]]></category>
		<category domain="post_tag" nicename="manifestation"><![CDATA[Manifestation]]></category>
		<wp:postmeta>
			<wp:meta_key><![CDATA[_jsps_metabox_hide_buttons]]></wp:meta_key>
			<wp:meta_value><![CDATA[off]]></wp:meta_value>
		</wp:postmeta>
		<wp:postmeta>
			<wp:meta_key><![CDATA[_edit_last]]></wp:meta_key>
			<wp:meta_value><![CDATA[8]]></wp:meta_value>
		</wp:postmeta>
		<wp:postmeta>
			<wp:meta_key><![CDATA[_thumbnail_id]]></wp:meta_key>
			<wp:meta_value><![CDATA[1918]]></wp:meta_value>
		</wp:postmeta>
	</item>
	<item>
		<title>Nous serons au forum de la création d&#039;entreprise pour tous</title>
		<link>https://www.networking-morbihan.com/forum-de-la-creation-dentreprise-2</link>
		<pubDate>Tue, 30 Sep 2014 13:02:30 +0000</pubDate>
		<dc:creator><![CDATA[prouarch]]></dc:creator>
		<guid isPermaLink="false">http://www.networking-morbihan.com/?p=2617</guid>
		<description></description>
		<content:encoded><![CDATA[<p><span style="text-decoration: underline;">Le mardi 7 octobre 2014 de 14 heures à 18 heures,</span> venez rencontrer Networking Morbihan au <strong>Forum de la Création d'Entreprise pour Tous</strong> organisé par <a title="ARPE - Pays de Lorient" href="http://arpe.paysdelorient.com/" target="_blank">l'ARPE </a>au Palais des Congrès de Lorient, quai Gustave Mansion.</p>
<p style="text-align: center;"><a href="http://www.networking-morbihan.com/wp-content/uploads/2014/09/aff-crea2014.jpg"><img class="alignnone size-medium wp-image-2618 aligncenter" alt="aff-crea2014" src="http://www.networking-morbihan.com/wp-content/uploads/2014/09/aff-crea2014-200x300.jpg" width="200" height="300" /></a></p>
<h2>Qu'est-ce que l'ARPE ?</h2>
<p>L'ARPE - Association Réseaux Pour l'Emploi - du Pays de Lorient est une structure portée par Lorient Agglomération, la communauté de Commune Blavet Océan le Conseil Général du Morbihan avec le concours de l'Etat.</p>
<p>Cette association à pour objectif de mettre en cohérence les acteurs de l'emploi et leurs actions sur le Territoire du Pays de Lorient.</p>
<h2>Le Forum la Création d'Entreprise pour Tous</h2>
<p>"Cette manifestation a pour ambition de développer la culture entrepreneuriale, de susciter l’envie d’entreprendre, de rompre l’isolement du créateur, de sensibiliser le porteur de projet à l’accompagnement sur son idée ou projet de création."</p>
<p><iframe style="border: 0;" src="https://www.google.com/maps/embed?pb=!1m14!1m8!1m3!1d5365.6848408985115!2d-3.3605812999999998!3d47.7457121!3m2!1i1024!2i768!4f13.1!3m3!1m2!1s0x48105e506b55a265%3A0xc0603f17b1fadcac!2sQuai+Gustave+Mansion%2C+56100+Lorient!5e0!3m2!1sfr!2sfr!4v1412081421759" height="300" width="400" frameborder="0"></iframe></p>
<h2>Venez nous rencontrer et nous rejoindre !</h2>
<p>Venez nous rencontrer lors de ce forum, Networking Morbihan tiendra un stand dans la zone "Echanger avec les entrepreneurs et avec les réseaux" au premier étage du Palais des congrès.</p>
<p>Cliquez sur les images pour voir le programme :</p>
<p><a href="http://www.networking-morbihan.com/wp-content/uploads/2014/09/prog-crea2014V.jpg"><img class="alignnone size-medium wp-image-2621" alt="prog-crea2014V" src="http://www.networking-morbihan.com/wp-content/uploads/2014/09/prog-crea2014V-300x211.jpg" width="300" height="211" /></a> <a href="http://www.networking-morbihan.com/wp-content/uploads/2014/09/prog-crea2014R.jpg"><img class="alignnone size-medium wp-image-2622" alt="prog-crea2014R" src="http://www.networking-morbihan.com/wp-content/uploads/2014/09/prog-crea2014R-300x211.jpg" width="300" height="211" /></a></p>
<p>Rejoindre un réseau comme Networking Morbihan c'est éviter l'isolement du Chef d'entreprise, bénéficier de conseils et de soutiens d'autres entrepreneurs comme vous, échanger pour affiner votre projet, générer des contacts professionnels, gagner en visibilité sur vos marchés futurs...</p>
<p>NE RESTEZ PAS SEUL !</p>]]></content:encoded>
		<excerpt:encoded><![CDATA[]]></excerpt:encoded>
		<wp:post_id>4102</wp:post_id>
		<wp:post_date><![CDATA[2014-09-30 13:02:30]]></wp:post_date>
		<wp:post_date_gmt><![CDATA[2014-09-30 13:02:30]]></wp:post_date_gmt>
		<wp:comment_status><![CDATA[open]]></wp:comment_status>
		<wp:ping_status><![CDATA[open]]></wp:ping_status>
		<wp:post_name><![CDATA[forum-de-la-creation-dentreprise-2]]></wp:post_name>
		<wp:status><![CDATA[publish]]></wp:status>
		<wp:post_parent>0</wp:post_parent>
		<wp:menu_order>0</wp:menu_order>
		<wp:post_type><![CDATA[post]]></wp:post_type>
		<wp:post_password><![CDATA[]]></wp:post_password>
		<wp:is_sticky>0</wp:is_sticky>
		<category domain="category" nicename="blog"><![CDATA[Actualités]]></category>
		<category domain="post_tag" nicename="creation"><![CDATA[Création]]></category>
		<category domain="post_tag" nicename="entreprise"><![CDATA[Entreprise]]></category>
		<category domain="post_tag" nicename="forum"><![CDATA[forum]]></category>
		<category domain="category" nicename="les-autres-rendez-vous"><![CDATA[Les autres Rendez-vous]]></category>
		<wp:postmeta>
			<wp:meta_key><![CDATA[_jsps_metabox_hide_buttons]]></wp:meta_key>
			<wp:meta_value><![CDATA[off]]></wp:meta_value>
		</wp:postmeta>
		<wp:postmeta>
			<wp:meta_key><![CDATA[_edit_last]]></wp:meta_key>
			<wp:meta_value><![CDATA[4]]></wp:meta_value>
		</wp:postmeta>
		<wp:postmeta>
			<wp:meta_key><![CDATA[_wp_old_slug]]></wp:meta_key>
			<wp:meta_value><![CDATA[nous-serons-au-forum-de-la-creation-dentreprise-pour-tous]]></wp:meta_value>
		</wp:postmeta>
	</item>
</channel>
</rss>
